sign,occurrences
AUSSI,3308
LS,2984
OUI,2318
AVOIR,1546
SOURD,1443
QUOI,1362
MAIS,1239
NON,1184
PLUS.P,1122
REGARDER,1117
FALLOIR,1032
DIRE,997
C-EST,986
RIEN,969
AVANT,968
ENTENDANT,914
1,836
DIFFERENT,833
BIEN,740
FINIR,712
VOIR,688
AUJOURD-HUI,657
DANS,635
COMPRENDRE,607
APRES,570
COMMENT,570
TOUJOURS,562
VRAI,553
SI,551
DONNER,549
POUR,544
PENSER,541
PERSONNE,529
POURQUOI,496
PARCE-QUE,494
FORT,486
2,477
POSSIBLE,473
ALLER,470
EXEMPLE,470
AVANCER,461
JUSTE.F,460
APPELER,444
AGE,436
EQUIPE,410
JAMAIS,400
ECOLE,393
PARLER,391
MIEUX,390
ENVIE,389
SAVOIR,388
ENFANT,379
PLUS,370
LAISSER,359
ENVIRON,352
CA-VEUT-DIRE,345
TRAVAIL.ACTIF,328
OU.OU,321
DE:WOW,319
ENCORE,315
PAPA,315
INTERPRETE,314
BIEN.PAPIER,311
ECRIRE,311
GRAND.HAUTEUR,304
C-EST-TOUT,301
MAMAN,301
ATTENDRE.STOP,297
RENCONTRER,296
PARENTS,291
PEU.BILLE,286
PAS,280
IMPOSSIBLE,277
PRENDRE,276
PAS.MENTON,274
AVEC,269
POUVOIR.P,265
TITRE,263
COMMUNICATION,262
LA,259
VITE,256
CONNAITRE,253
1E,250
SENTIMENT,245
NOM,244
PETIT,244
DEPEND,238
JUSQUE,236
SENTIR,235
APPARAITRE,234
BEAUCOUP.F,233
ENDROIT,229
FILLE,225
MAISON,225
BEAUCOUP,223
COMMENCER,221
MOT,221
BELLE,218
TOUT,218
HABITUDE,217
RIEN.MAGIE,217
MANGER,215
NOUVEAU.FLASH,214
REJOINDRE,210
3,209
ARGENT,209
OUBLIER,206
FEMME,205
LIEN,205
VOILA,205
OK,204
ORAL,198
APPRENDRE.ENSEIGNER,196
MOINS,195
SUR.DESSUS,195
ECHANGER,194
IMPORTANT,192
SOURD.2,190
AIMER,187
PREFERER,185
ADAPTER,184
REPONDRE,183
SEULE,183
CHERCHER,180
JEUNES,180
NON.N,179
OU-LIEU,179
APPRENDRE,177
FSIGN,175
AMI,172
PARTIR,172
ENTRER,171
AIDER,170
ADORER,168
DEJA,168
TRAVAIL,168
PROBLEME,166
SUIVRE,166
VENIR,166
VOITURE,166
PEU.PETIT,165
AGREABLE,163
DIFFICILE,163
MARIAGE,162
HUMAIN,158
FUTUR,155
NS:BELGIQUE,155
VIE,155
EXPRIMER,154
REMARQUER,150
AUCUN,146
AUTRE,145
HOMME,143
MEME.Y,143
ARBRE,142
CULTURE,142
FAIRE,142
ACCORD,141
FRANCAIS,140
IMPLANT,139
IMPOSSIBLE.MENTON,139
FOIS,138
EXPRESSION-FACIALE,136
FAMILLE,135
NS:FRANCE,134
AJOUTER,133
FACILE,133
JUSTE,133
MAUVAIS,132
CHANCE,131
4,130
INFORMER,130
DEMANDER,129
EXPLIQUER,129
MARCHER.PIED,129
TERRIBLE,129
PERSONNE.MOI,128
RESTER,128
L-AIR,127
RICHE,127
RAPPELER.R,126
ROUGE,126
VOULOIR,126
MONTRER,125
PEUT-ETRE,124
RETOUR,124
EAU,122
IMAGE,122
SAVOIR-NEG,122
SIMPLE,122
BESOIN,121
ACHETER,120
DIVERS,120
2E,119
AVANT.METRE,119
DISPARAITRE,118
NS:LIEGE,118
TROUVER,116
CHANGER.DEVENIR,115
LIBRE,115
OU,115
PROFESSEUR.W,115
ESSAYER,114
FOYER,113
SUR,113
ATTENTION.1,112
INFLUENCE,111
CONVENIR,110
COURT,110
ENERVER.STRESS,110
MOI-MEME,110
C-EST-CA,109
REFLECHIR,108
TERMINER,108
PARTIR.B,107
SAVOIR-PAS.STOP,107
TANT-PIS,107
FACHER,106
NATURE,106
QUI,106
DIFFUSER,104
LANGUE.L,104
CORPS,103
GARCON,103
FACILE.10,102
INTERESSANT,102
PATIENCE,101
DATE,100
NS:FLAMAND,100
BON,98
QUAND.1,98
VISAGE,98
SILENCE,97
TROMPER,97
DUR,96
CONTENT,95
LIVRE,95
DIMINUER,94
MINISTRE,94
CLAIR.5,93
HISTOIRE,93
JOUER,93
5,92
ARRIVER,92
AUTRE.DIFFERENT,92
AUTREFOIS,91
DORMIR,90
MONSIEUR,90
NOIR,90
MANQUER,89
CAMERA,88
DESSINER,88
GRAND.LARGEUR,88
HEURE,88
SOUVENIR,88
VERT,87
VOIX,87
DISCUTER,86
FAMILLE.COEUR,86
INTERDIRE,86
NS:BRUXELLES,86
PEU,86
DEPUIS.LONGTEMPS,84
PLUSIEURS,84
OBJECTIF,83
SEPARER,83
GENERATION,82
RIRE,82
CARRE,81
COUPER,81
ENGAGER,81
FRERE,81
REGARDER.1,81
CHIEN,80
ICI,80
JOUR,80
A-COTE,79
ABANDONNER,79
COPIER,79
MARCHER,79
CHAUD,78
CLAIR,78
QUODITIEN,78
SOEUR,78
ETONNER.COEUR,77
MONDE,77
PAYER,77
ASSIGNER,76
CALME,76
DOUCEMENT,76
MELANGER,76
PRECISER,76
ATTENDRE,75
EVOLUTION,75
DIRECT,74
POUR-CA,74
QUESTION,74
RECOMMENCER,74
SOUS-TITRES,74
BOIRE,73
COMME-CA,73
INVENTER,73
TRISTE,73
ANNEE,72
CHANGER.DEVENIRT,72
CHOISIR,72
LONG,72
MERCI,72
CARACTERE,71
CHEF,71
COMPARER,71
JETER,71
REUSSIR,71
ACCEPTER.2M,70
FUMER,70
LIRE,70
LOIN,70
ORIGINE,70
PERDRE,70
AN,69
RUE,69
SAUTER,69
TOMBER,69
TRAIN,69
10,68
COMBIEN,68
CROIRE,68
GARDER,68
GRENOUILLE.SAUTER,68
OISEAU,68
COMIQUE,67
ENSEMBLE,67
FORMATION,67
IDEE,67
NIVEAU.HAUT,67
SORTIR,67
CHIEN.QUEUE,66
FAIRE.MASTER,66
PHOTO,66
POUVOIR.PERMIS,66
VETEMENT,66
VISUELLE,66
APPAREIL.AUDITIF,65
ASSOCIATION,65
DEMENAGER,65
DESOLE,65
MOITIE,64
OBLIGER.DEVOIR,64
QUAND-MEME,64
ALORS,63
AVEC.A,63
BOIS,63
EVIDENT,63
FILS,63
HESITER,63
RESTE,63
BAVARDE.NOUVELLE,62
CAPTER,62
COUPLE,62
DE:AH,62
INCAPABLE,62
NS:IRSA,62
POSITIVE,62
AIMER-NEG,61
DEPLACER,61
ENTENDRE,61
NS:WOLUWE,61
PASSER.APRES,61
20,60
AGRANDIR,60
ASSEZ-NEG,60
GENERAL,60
SOCIALE,60
BESOIN.AIMER,59
EURO,59
LISTE.5,59
RESERVER.SENTIR,59
VENIR.BA,59
DEPART,58
MATIN,58
PHRASE,58
AUTRE.PART,57
BLANC,57
ENCOURAGER,57
IMBECILE,57
MALADROIT,57
NS:AMERIQUE,57
TOURNER-DROITE,57
TRADUCTION,57
6.2,56
AUTOMATIQUE,56
COURS,56
GRAVE,56
LPC,56
MAIN,56
PREVENIR,56
PUBLICITE,56
TELEPHONE,56
TOUT.F,56
ATTENTION,55
AUTRE.ENTRE,55
CUISINE,55
DOMMAGE,55
FS:B,55
NS:MAC,55
2000,54
APRES.1,54
BELLE.FLEUR,54
DEGAGER,54
MACHINE,54
NORMAL,54
PARLER.LOGOPEDIE,54
VITE.VITESSE,54
3E,53
AVOIR-NEG,53
BONJOUR,53
LOURD,53
SPECIAL,53
VENT,53
VILLAGE,53
ATTIRER,52
FONDER,52
FRANCAIS.LS,52
MADAME,52
MIMER,52
NS:NAMUR,52
CONFUSE,51
COULEUR,51
EGAL,51
NUL.A,51
PLEURER,51
RELATION,51
AUTRE.A-COTE,50
BIZARRE,50
CONSEQUENCE,50
CONVAINCRE,50
DECIDER,50
FENETRE,50
FS:A,50
INTERNATIONAL.INTERNET,50
MODE,50
MONDE.BOULE,50
MORT.DECEDER,50
PAPIER.P,50
PEINDRE,50
POURQUOI.B,50
REMBOURSER,50
RETARD,50
SITUATION,50
TOURNER-GAUCHE,50
UTILE,50
VACANCES,50
CHAQUE,49
ORDINATEUR,49
7.2,48
APPORTER,48
APRES.FICHIER,48
CLAVIER,48
CONTACT,48
FATIGUER,48
FAUX,48
INTEGRATION.TRANSPORT,48
JAUNE,48
JOURNAL,48
NORMAL.N,48
OUVRIR,48
RESPECT,48
VACHE,48
AIR,47
DEHORS,47
DOCTEUR,47
FROID,47
JUSQUE.MNT,47
MOTO,47
NS:FACEBOOK,47
PAYS,47
PRES,47
PROGRESSER,47
SOUPLE,47
SOUVENT,47
SUIVANT,47
TABLEAU,47
CRIER,46
IMAGINER.NUAGE,46
LONGTEMPS,46
NAISSANCE,46
PARLER-LONGTEMPS,46
RAPPELER.1,46
TECHNIQUE,46
TRANSFORMER,46
VOIR.MOI,46
BIEN-BOUCHE,45
BLAGUE.P,45
CLASSE,45
MAGASIN,45
TELEVISION,45
AU-BOUT,44
DEVENIR,44
DIMANCHE,44
FIN,44
NAITRE,44
RECHERCHER,44
REGARDER.8,44
TERRE,44
AVION,43
CA-FAIT-DU-BIEN,43
CHER,43
ENTRAINEMENT,43
FETE,43
FUCK,43
NS:ALLEMAGNE,43
NS:ITALIE,43
NS:PIERRE,43
PASSER.TRAVERSER,43
REGION,43
VAS-Y,43
VENDRE,43
VENIR.RASSEMBLER,43
ENVIRONNEMENT,42
MEILLEUR,42
NS:MONS,42
SPORT,42
VOLER.AILES,42
YEUX,42
15,41
ACQUERIR,41
ASSEZ,41
ENVOYER,41
EXPLIQUER.COMMENTAIRE,41
POURQUOI-PAS,41
SAVOIR.AUTRE,41
BETE,40
CONCENTRER.BATEAU,40
NS:JULIETTE,40
RARE,40
REGARDER.5,40
SENS,40
VENIR.ORDRE,40
ADAPTER-NEG,39
CHEVEUX,39
DACTYLOLOGIE,39
DISPUTER,39
ENCEINTE,39
ENERVER.REMPLIR,39
FERME,39
FIL,39
FOOTBALL,39
GAGNER,39
MUR,39
PARFOIS.PREFERE,39
PEUR,39
TOUCHER,39
ALLER.1,38
BLEU,38
CUIRE,38
HONTE,38
HOPITAL,38
MINUTE,38
PAPIER.BIEN,38
PARTIE,38
SALAIRE,38
SANTE,38
SOUFFRIR,38
STOP,38
SUBSIDE,38
TABLE,38
COUDRE,37
COULOIR,37
DEBOUT,37
ET,37
FINIR.TENNIS,37
GRAND-MERE,37
HERITER,37
PETIT.TAILLE,37
REFLECHIR.PARANO,37
RENDEZ-VOUS,37
SOIGNER,37
SOIREE,37
SPORT.EXAGERER,37
VIANDE,37
ASSEOIR,36
CHANGER,36
ECOUTER.ENTENDANT,36
HAUT,36
LOI,36
MORT,36
NS:BERCHEMTHE),36
RACONTER,36
TETE,36
TOUT-DROIT,36
VIVANT,36
APPRENDRE.PHARE,35
CAFE,35
DETAIL,35
DSM,35
FRUSTRE,35
MEME.REPETITION,35
PERIODE,35
RECEVOIR,35
TOUT-SUITE,35
VELO,35
CHOMAGE,34
DIRE.8,34
ETUDIER,34
FLEUR,34
JETER.FUSEE,34
MAMAN.HANCHE,34
METRO,34
MILIEU,34
MOQUER,34
MUSIQUE,34
PAS.SOUFFLER,34
PREPARER,34
PRET.PAILLE,34
RIEN-A-VOIR,34
SOLUTION,34
TRANQUILLE,34
VALEUR,34
BEBE,33
BIEN.BOUDER,33
CERVEAU,33
CHIFFRE,33
CHOSE.1,33
CONTROLER.C,33
DEMAIN,33
DEPENSER,33
DERANGER,33
DIRECTEUR,33
ETRANGER,33
FORME,33
PROFESSEUR,33
REPOSER,33
STYLE,33
TEMPS,33
100,32
ANCIEN.AVANT,32
BATEAU,32
CLIQUER,32
COURIR.1,32
DESSOUS,32
DIPLOME,32
DIRIGER,32
EXPLIQUER.8,32
FLASHY,32
GENTIL.L,32
HABITER,32
IMPROVISER,32
LISTE.POINT,32
NS:WALLON,32
POISSON,32
TABLEAU.1,32
VILLE,32
ABEILLE,31
AVANTAGE,31
CHAMBRE,31
CHEMIN,31
CHEVAL,31
CONCENTRER,31
CONTRE,31
DE:PROFITE-PREFERE,31
ENNUYER,31
ENTREPRISE,31
FLOU,31
IMAGINER,31
ISOLER,31
JARDIN,31
NEGATIVE,31
PRESQUE,31
PROFESSIONNEL,31
PSYCHOLOGIQUE,31
RAISON,31
SEMAINE-1,31
ACTIF,30
COEUR,30
COURIR,30
DERRIERE,30
ENLEVER,30
FBUOY,30
FILM,30
FORET,30
HUMIDE,30
INTERDIRE.DEPEND,30
KILOGRAMME,30
MALADE.VENTRE,30
MEDECIN,30
NS:,30
NS:HITLER,30
PAR-MOIS,30
PIERRE,30
RAPIDE,30
SOURIRE,30
18.2,29
ANIMAL,29
APPRENDRE.ENTENDANT,29
BIEN-SUR,29
CACHER,29
CASSER,29
CERF,29
EXPERIENCE,29
FRAPPER,29
INTELLIGENT.TETE,29
METEO,29
MOIS,29
NAGER,29
NS:LUXEMBOURG,29
PLUS.PUBLIC,29
REVE,29
SAUVER,29
1000,28
ALLUMER,28
CHAISE,28
COLLEGUE.COLLABORATION,28
COMMANDER,28
COMPATIBLE,28
CONDUIRE,28
COUPER.ABATTRE,28
DESSOUS-SUIVANT,28
FS:I,28
GARCON.F,28
IDEE.50,28
INSULTE,28
LIRE.REGARDER,28
MEME.MAFIA,28
MER,28
NORMAL.NERVEUX,28
PROMENER,28
REGARDER.AMOUR,28
REVOLUTION,28
SINGE,28
SOIR,28
100.000,27
14,27
?,27
ARGENT.RECEVOIR,27
AVEC.POIGNET,27
BLOQUER,27
CA-VA,27
CAPABLE,27
COMMUNE,27
COMPLET,27
COMPLET.F,27
COMPRIS,27
CONSTRUIRE,27
ELEVE,27
EQUIPE.5,27
GENTIL,27
LONGTEMPS.DUREE,27
MATERIEL,27
NS:ESPAGNET-COEUR),27
NS:IPHONE,27
OUVRIR.ESPRIT,27
PENSION,27
PROPOSER,27
RECENT,27
REMPLACER,27
REVEILLER,27
SIGNAIRE,27
AN-1,26
BATIMENT,26
CHEVAL.REMORQUE,26
CONTRAIRE,26
DEVANT,26
DRAPEAU,26
FRAISE,26
FS:V,26
GRATUIT,26
GROS,26
LANGUE,26
MALADE,26
MERDE,26
NS:KEMAL,26
OFFICIEL,26
PARTICIPER,26
PLIER,26
REPARER,26
TEXTE,26
THEATRE,26
TOUT.APPLAUDISSEMENT,26
VIDEO,26
ZERO,26
8.2,25
ACTIVITE,25
AVEUGLE,25
BILINGUE,25
CARREAU,25
DE:INTELLIGENT,25
DICTEE,25
DOCTEUR.PENSER,25
FEU,25
FIER,25
FIN.PAILLE,25
FOUR,25
GOUT,25
INTELLIGENT.5,25
INTERNAT,25
LAISSER-TOMBER,25
NS:ANGLETERRE,25
NS:INTEGREE,25
PAPA.8,25
PLAISIR,25
PROGRAMME,25
RETENIR,25
SAC,25
TOIT,25
APPRENDRE.1,24
AUTRE-THEME,24
BOUCHE.FORME,24
BUREAU,24
CHOC,24
CHOSE,24
DEBUT,24
DERNIER,24
DEUX-CHOIX,24
EPUISER,24
FS:M,24
GATEAU,24
GRAMMAIRE,24
INFLUENCE.MENTAL,24
NEUTRE,24
PATE,24
PLUIE,24
POLICE,24
PORTE,24
POUVOIR,24
PRIVE,24
RIVIERE,24
SAMEDI,24
TRACASSER,24
COLERE,23
COMBATTRE,23
CON,23
CURIEUX,23
EGLISE,23
ELECTRICITE,23
ENERVER,23
ENERVER.GRATTER,23
ENFUI,23
EXCELLENT,23
FER,23
FERMER,23
FILE,23
FS:C,23
GRENOUILLE.COU,23
JEU,23
MATERNEL,23
NS:IRHOV,23
NS:SYRIE,23
ORGANISER,23
POLLUTION,23
PONT,23
PREUVE,23
SOLEIL,23
SUR-PLACE,23
TRAM,23
12,22
13,22
50,22
ACCEPTER,22
APPLAUDIR.ENTENDANT,22
BOUGER,22
BUREAU.PALM,22
CHEF.SALUT,22
COIN,22
CONFIANCE,22
COUPLE.DUO,22
DEFENDRE,22
DESCENDRE,22
ENCORE-PAS,22
INTEGRATION,22
INTERVIEW,22
LEGER,22
LIMITE,22
MAL,22
MEMOIRE,22
METRE,22
MOINS.BAS,22
MOT.MAIN,22
MOTIVATION,22
OFFICIEL.7,22
POINT,22
POUR.BELGE,22
QUITTER,22
RECLAMER,22
RESTAURANT,22
SERIEUX,22
SIGNE,22
SUPERIEUR,22
TARD,22
VENDREDI,22
VOULOIR.ENERVER,22
40,21
A-PARTIR,21
AMUSER,21
BATTRE,21
CHAT.F,21
COLLER,21
CONCRET,21
COUPABLE,21
DANGEREUX,21
DONNER.CHOSE,21
EXAMEN,21
FS:F,21
GRAND-PERE,21
IDENTITE,21
INVESTIR,21
MESURER,21
MIGNON,21
MONTER,21
NEZ,21
NIVEAU.VARIABLE,21
NS:DANITZA,21
NS:WINDOW,21
PAUVRE.P,21
PERSONNE.HUMAIN,21
POURCENT,21
PROFOND,21
TOI-MEME,21
VIOLENCE,21
80,20
ACCESSIBILITE,20
ACCIDENT,20
AISE,20
AN-2,20
ARRETER.2M,20
AVION.VOLE,20
BUS,20
CA-ARRIVE,20
CERF-VOLANT,20
CHAUSSURE,20
CHEVAL.Y,20
CURE,20
DE:ATTENDRE-ENNUYER,20
DROIT,20
ETAGE,20
FONDRE,20
FRUIT,20
HANDICAP,20
HOMO,20
JUIN,20
MOU,20
NOTAIRE,20
NOUVEAU.REPETER,20
NS:BRUNO,20
NS:GALLAUDET,20
NS:JAPON,20
PROPRE,20
PROTEGER,20
PUBLIC,20
ROND-POINT,20
RYTHME,20
SEVERE,20
UNIVERSITE,20
WEBCAM.FACE-L,20
7,19
ADAPTER.MACHINE,19
ANCIEN,19
BASE,19
COLLABORATION,19
COMMENCER.METRO,19
CONCURRENCE,19
DANS.CERVEAU,19
DEVELOPPER,19
EGAL.MATH,19
FOUR.PALM,19
JUGE,19
LAMPE,19
NIVEAU.BAS,19
NS:SAMSUNG,19
NS:SISW,19
ODEUR,19
POELE,19
POIL,19
PRESENTER,19
PRIERE,19
PRIMAIRE,19
SEC.SEC,19
SEL,19
SOEUR.NONNE,19
SUPPRIMER,19
TEMPERATURE,19
TOUR-MOI,19
TRAVAIL.FAIRE,19
VENIR.ATTENDRE,19
ABREGER,18
ADULTE,18
APPELER.GESTE,18
BESOIN.ANDERLECHT,18
BIERE,18
BRIQUE,18
C-EST-RIEN,18
CARESSER,18
CHAISE-ROULANT,18
CHARGE,18
CHER.5,18
CHOC.SURPRISE,18
CLASSE.CHAMBRE,18
COMMUNICATION-NEG,18
COQ,18
DSS,18
ENGUEULER,18
EVITER,18
EXAGERER,18
FAUX.TRICHER,18
FONCE,18
FS:P,18
GRAND.GROS,18
INVERSER,18
JUSQUE.LONG,18
LANGUE.LOGOPEDE,18
LENT,18
METTRE.05,18
NOTER,18
OUI-NON,18
PETIT.ENFANT,18
PIPI,18
PLUSIEURS.LISTE,18
POEME,18
POURCENT-CENT,18
TABLEAU.EXCEL,18
TANTOT,18
TROU.PROFOND,18
VERIFIER,18
VISITER,18
82,17
ANGLAIS,17
BAR,17
BAS,17
BISOUS,17
BOUCHE,17
BOULANGER,17
CASSER.JETER,17
COMITE,17
CONTE,17
CORRIGER,17
DONNER.ARGENT,17
EVALUATION.PERSONNE,17
HIER,17
LEVER,17
LIT,17
MAGIE,17
MARRE.TROP,17
MECHANT,17
MENUISER,17
METTRE.NOURRIRE,17
MOIS-1.B,17
MONTRE,17
OBSTACLE,17
OEUF.BISOUS,17
PARFAIT,17
PT,17
PULL,17
SERVICE,17
SOUTENIR,17
TOURNER.SAUTER,17
VAPEUR,17
VEXER,17
VILAIN,17
4E,16
ART,16
ASSASSINER,16
AU-REVOIR,16
BANQUE.TETE,16
CARREFOUR,16
CARTE,16
CHANGERT,16
CHERCHER.PRENDRE,16
COMPLIQUE,16
CONSTRUIRE.LASAGNE,16
CONTINUER,16
CRITIQUER,16
DE:EXCLUSION,16
DELICIEUX,16
DEPECHER,16
DETESTER.IMPOSSIBLE,16
DISCRIMINATION,16
EGAL.CONCURRENCE,16
EMPLACEMENT,16
ENTRE,16
ESCALADE,16
FARINE,16
GOUT.ALCOOL,16
GRAND.L,16
JAMAIS-VU,16
KILOMETRE,16
LEGUMES,16
LINGERIE,16
MAIN.BRAVO,16
MALHEUREUX,16
MARDI,16
MOMENT,16
MONTAGNE,16
NS:CHAYMA,16
PING-PONG,16
PORTER,16
PRESIDENT,16
QUOI-FAIRE,16
RASSURER,16
SECONDAIRE,16
SUCRE,16
UTERUS,16
25,15
30,15
90,15
AIMER.EXPRESSION,15
AIMER.PLAISIR,15
AVANT.DERRIERE,15
BAIN,15
BANQUE,15
BRUIT,15
CHEVAL.MONTER,15
COCA,15
CODA,15
COIFFEUR,15
COLLER.COLLECTION,15
CONTENT.PLAISIR,15
COULEUR.PARANO,15
COUSIN,15
DE:DECU,15
DEVOIR,15
EGAL.HAUT,15
EN-FOUTRE.BA,15
EUROPE,15
FETE.PARTY,15
GUERRE,15
HISTOIRE.PAF,15
IMPOSSIBLE.TENNIS,15
INDEPENDANCE,15
INONDATION,15
LUNDI,15
MANTEAU,15
MARQUE,15
MAXIMUM,15
MERCREDI,15
METTRE,15
NORMAL.F,15
NS:BOUGE,15
NS:DANEMARK,15
NS:JOSE,15
PARESSEUX,15
PARTIR.GRANDIR,15
PAUVRE,15
PERSONNE-COUP,15
PIERCING,15
POCHE,15
POMPIER,15
POUSSIERE,15
PROCHAINE,15
QUAND.8,15
REGARDER.HAUT-BAS,15
SENS.2,15
SI-JAMAIS,15
TAIS-TOI,15
TIMIDE,15
TUER,15
UNION,15
WEEK-END,15
21,14
6,14
APRES-MIDI,14
ARRANGER,14
ATTRAPER,14
BAVARDE,14
BUDGET.HERITER,14
CHIANT,14
CHIEN.CUISSE,14
CHOUETTE,14
COMPRENDRE.MEMOIRE,14
CREME,14
CROISER-DES-DOIGTS,14
DE:EMOTION-SOURCILS-FRONCES,14
DECU,14
DEMISSIONNER,14
ECOUTER.YEUX,14
EDUCATION.E-V,14
EDUCATION.S,14
ELOIGNER,14
EN-FACE,14
EURO.E,14
FEVRIER,14
FS:ASL,14
FS:S,14
GALOPER,14
HEURE-1.CERCLE,14
INSISTER,14
INSULTE.MOT,14
L-AIR.LAVER,14
LAVER-VISAGE,14
LETTRE,14
METHODE,14
MUTUALITE,14
NS:JONATHAN,14
NS:MONTEGNEE,14
NS:UKRAINET-BOUCHE),14
PEUT-ETRE.5,14
POLITIQUE,14
POMME,14
PRENOM,14
RALER,14
SALADE,14
STABLE,14
SUR.VIE,14
TREMBLER,14
VIDE,14
AFFIRMATION.TETE,13
ANNONCER,13
APPARTEMENT,13
BOMBE,13
BON-SAVEUR,13
CALCULER,13
CARTES.JEU,13
CELEBRE,13
CISEAUX,13
COMMERCE,13
CONCOURS,13
DE:PAF,13
DE:RAPPELER-FORT,13
DECOUVRIR,13
DEPASSER,13
DEPOSER,13
DEROGER,13
DIFFERENT.10,13
DROIT.OBLIGER,13
ECHEC,13
ECRASER,13
EN-FOUTRE,13
ENLEVER.B,13
ENVIRON.ENVIRON,13
FAIRE.FORMATION,13
FEUILLE.JAPON,13
FS:L,13
GSM,13
HIBOU,13
HOTEL,13
HUMEUR,13
JOUER.CERCLE,13
LS-PAS,13
MAUVE,13
MAUVE.JOUE,13
MESURER.BRAS,13
MOINS-CHER.10,13
MONTAGE,13
MORT.COUPER,13
NERVEUX,13
NETTOYER,13
NEVEU,13
NIVEAU,13
NOEL.SAPIN,13
NS:CHARETTE,13
NS:CHINE,13
NS:ESMERALDA,13
NS:FATIMA,13
NS:JEAN-CLAUDE,13
NUL,13
OUVRIER,13
PAYS.5,13
PAYSAGE,13
POINT.B,13
PROFITER,13
QUELLE,13
QUEUE,13
RAPPELER.6,13
RIRE.SOURIRE,13
ROUGE-A-LEVRES,13
SALLE,13
SAVOIR-PAS.1,13
SECURITE,13
SEMAINE,13
STAGE,13
TANTE,13
WEBCAM.MOI,13
ALLUMER.FLASH,12
ANNEE-1,12
BIC,12
BILLET,12
BOUTEILLE,12
CADEAU,12
CHASSER,12
CHAUSSETTES,12
CHEVRE,12
CINEMA,12
COMMUN,12
CONTRE.CARREFOUR,12
DE:ENNUYER-FORT,12
DRAPS,12
EMOTION,12
ENFIN.TRANQUILLE,12
ESPERER,12
FRANCAIS.LS-ORAL,12
FS:D,12
HANDICAPE.MAL,12
HEURE-2.CERCLE,12
HEURE-4,12
IGNORER,12
INQUIETER,12
INSTALLER,12
INTERNET,12
JALOUX,12
JOURNAL.J,12
LEVER.DOIGT,12
MAIGRIR.I,12
MIDI,12
NS:BERCHEM,12
NS:GHLIN,12
NS:INCONNU,12
NS:LSFB,12
NS:NATHALIE,12
NS:SIMONE,12
OEUF.DS,12
ORIGINE.VEINE,12
PAYER-PAR-MOIS,12
PERDRE.COU,12
PHOTO.PHOTOCOPIE,12
PISCINE,12
PLAN,12
POLLUTION.TURBO,12
POUBELLE,12
POUSSER,12
PRIX,12
QUE.CROISE,12
RATER,12
REGLES,12
REVEIL,12
SALE,12
SANS,12
SAVOIR-PAS,12
STUPIDE,12
SUD,12
TACHE,12
TRANSPORT,12
TROU.MUR,12
VOCABULAIRE,12
9.2,11
APERCEVOIR,11
APPROCHER,11
APPROUVER,11
ATTITUDE,11
AUTRE.PALM-DOWN,11
AUTRE.PT,11
BENEFICE,11
BLESSER,11
CENTRE,11
CM,11
COMMUNICATION-PAS,11
COUPER.MOITIE,11
COURAGE,11
DE:AH-TETE,11
DE:FACHER.ECRASER,11
DE:OCCASION-PROFITE,11
DE:PAS-ECOUTER,11
DEGOUTER,11
DSH,11
DSL,11
E-MAIL,11
ECOLE.HOTEL,11
EFFORT,11
ENDORMIR,11
ENDROIT-S,11
ENGAGER.CHOISIR,11
EQUILIBRE,11
ETE,11
EXCLUSION,11
EXCLUSION.RIEN,11
FACON,11
FIANCE,11
FOU,11
FRAGILE,11
FREINER,11
GARAGE,11
GAUCHE,11
GRATUIT.0,11
HOME,11
IMMERSION,11
LACHER,11
LAIT,11
LS.NOUVELLE,11
MARS,11
MER.EAU,11
METTRE.IMAGE,11
MOINS.DIMINUER,11
NS:?,11
NS:NS:BRUXELLES,11
NS:TIMOTHY,11
NS:VERVIERS,11
OEUF,11
OIGNON,11
ORANGE,11
PERIODE.AVANCER,11
PETANQUE,11
POULET,11
PUE.MARQUEUR,11
PUNIR,11
RESSEMBLE,11
ROLE,11
SAUCE,11
SOUCIS,11
SYSTEME,11
TAIRE.MOI,11
TOMBER.2,11
TOUCHER.ABEILLE,11
TUNNEL,11
VANDALE,11
VELO.JUILLET,11
VIRER.B,11
VOISIN.COTE,11
WEBCAM.CAMERA,11
11,10
18,10
20.000,10
ACCUSE,10
AN-CHAQUE,10
ANNULER,10
APPLAUDIR,10
ARCHITECTE.SOULIGNER,10
ATTENTION.5,10
BARBE,10
BEURRE,10
BOL,10
BOUILLON,10
BOULETTE,10
CHANGER.MOT,10
CHIMIQUE,10
CHOCOLAT,10
CODE,10
CONNAITRE-NEG,10
CREER,10
CROIX.DEUX,10
DANSER,10
DE:ENVIE-CURIEUX,10
DE:OUBLIER,10
DOS,10
DOUBLE,10
ECONOMISER,10
EDUCATION.V,10
ELECTRICITE.BRAS,10
EMOTION.EXPRIMER,10
ENTENDRE-NEG,10
FOND,10
FORET.COLERE,10
FRITE,10
FS:G,10
FS:R,10
GSM.POUCE,10
HANDICAPE.MAIN,10
HERBE,10
HEURE-6.2,10
HEURE.DISQUE,10
HIVER,10
INTERVENIR,10
LAVER.REPASSER,10
LEGUMES.SALADE,10
LISTE,10
MEDIATEUR,10
MEDICAMENT.MANGER,10
MEME,10
NORMAL.VIVANTE,10
NOURRIR,10
NS:CHAPELIER,10
NS:CREE,10
NS:PARIS,10
NS:SABINE,10
NS:TIMOTHYT,10
NUIT-BLANCHE,10
ONCLE,10
ORTHOGRAPHE,10
OSER,10
OUVRIR.FENETRE,10
PAIN,10
PATE.MASSER,10
PEUR.ENFANT,10
PIECE.MATERIEL,10
PIGEON,10
PLUS.S,10
PNEU.ROUE,10
POSTE,10
POUVOIR-NEG,10
RECETTE,10
RECONNU,10
RENOVER,10
RISQUE.REGIME,10
S-IL-VOUS-PLAIT.GENTIL,10
SAPIN,10
SEXE,10
SONNER,10
SOURIS,10
SOUVENT.MARSEILLE,10
STRATEGIE,10
SUCRE.CHOCOLAT,10
SYMBOLE,10
TAPIS,10
TOUR,10
VASE,10
VIE.S,10
VV,10
16,9
24,9
??,9
AGRESSIF,9
ASPIRER,9
AUTRE.CONCENTRER,9
AVANT.THEATRE,9
BISCUIT,9
BONBON,9
BUS.BANQUET,9
CATHOLIQUE,9
CHANSIGNE,9
CHEF.OUTILS,9
CHEQUE,9
CHEVAL.MOTO,9
CLE,9
COMMUNAUTE,9
CONQUERIR,9
CONSCIENT-PASSIF,9
DE:ACQUIS,9
DE:ARRETER-LS,9
DE:NON-MERCI,9
DE:RIEN-FAIRE,9
DECALER,9
DEHORS.ORDRE,9
DENT,9
DEPASSER-TRAVERSER,9
DESSERT,9
DOSSIER,9
ENCADRER,9
ENERGIQUE,9
ENTERREMENT,9
ESPRIT,9
ETRE,9
FLECHE,9
FOU.DINGUE,9
FOURCHE-VELO,9
FS:J,9
FS:O,9
FS:T,9
GRAISSE.QUALITE,9
IMPRIMER,9
JANVIER,9
JE,9
JOUE.PARFAIT,9
JUILLET,9
LETTRE.PIED,9
LOGIQUE,9
LOGOPEDIE,9
MAGASIN.VENDRE,9
MALENTENDANT.MAUVAIS,9
MOCHE,9
MODELE.EXEMPLE,9
NOEL.MILIEU,9
NOEL.NAITRE,9
NORD,9
NS:BRUGES,9
NS:DANIEL,9
NS:DAVID,9
NS:FLEUR,9
NS:FLORENCE,9
NS:GAETAN,9
NS:HOLLANDE,9
NS:LYBIE,9
NS:MADOU,9
NS:MARIE-FLORENCE,9
NS:MAROC,9
NS:MARTINE,9
NS:OSTENDE,9
NS:PAUL,9
NS:RUSSIE,9
NS:STELLA,9
NS:TOURNAI,9
NS:VALERIE,9
NU,9
NUIT,9
OFFRIR,9
ON-VERRA,9
PAS-CA,9
PATATE,9
PATE.MOUILLER,9
PEINE-PAS,9
PHARMACIE.CROIX,9
PHOTO.EXPRESSION,9
PIEGE,9
PILOTE,9
PIQURE,9
PIZZA,9
POINT-DE-VUE,9
POUMONS,9
PSYCHOLOGIE.PENSER,9
QUAND-MEME.1,9
RECULER,9
RESSEMBLE.TETE,9
RESSEMBLER.B,9
RIDEAU,9
S-IL-VOUS-PLAIT.EGLISE,9
SIGNATURE,9
SOLDAT,9
SOUFFLER,9
STRUCTURE,9
TAXI,9
TENNIS,9
TISSU,9
TOTAL,9
TOUCHER.SENTIMENT,9
TREFLE-CARTE,9
UF,9
VOLER.PRENDRE,9
VOYAGE,9
VOYAGE.SAUTER,9
17,8
3000,8
81,8
900.2,8
A-LA-PORTE,8
ABOYER,8
ACCOMPAGNER,8
ALLOCATION,8
ANIMATEUR,8
AVIS,8
AVOIR-PAS,8
BOUCLE,8
BOUCLE-OREILLE,8
BRUN,8
CACA,8
CALCULER.CHIFFRE,8
CAVE,8
CHEF.CAPITAINE,8
COCHON,8
COMPRENDRE-RIEN,8
CONFERENCE,8
DE:MOTIVE-PAS,8
DEFAUT.ESSAYER,8
DIFFICILE.RAMPER,8
DIVORCER,8
DONNERT,8
DÉTESTER.POUSSER,8
EMBETER.PIQUE,8
EMBOUTEILLAGE,8
ENFIN,8
ERECTION,8
ETAGE.SOL,8
EXPRESSION.VIDE,8
FABRIQUER,8
FERMER-BOUCHE.FRUIT,8
FEU.RUE,8
FS:H,8
FS:LSF,8
GAUFRE,8
GLACE.GELER,8
GRAISSE,8
GYMNASTIQUE,8
HEURE-DEMI,8
INTEGRATION.4-1,8
KM,8
LEVER.DEBOUT,8
MANIFESTATION,8
MICRO,8
MINIMUM,8
MOINS-CHER,8
MOIS-6,8
MONTER.RUE,8
NS:ALONA,8
NS:CORPUS,8
NS:DELHAIZE,8
NS:FRANCOIS-HOLLANDE,8
NS:INES,8
NS:JEAN-CLAUDETETE-C),8
NS:POLOGNE,8
NS:SIBYLLE,8
NS:THAILANDE,8
NS:VIRGINIE,8
NUANCE,8
OPTION,8
OUBLIER.JETTE,8
PANTALON,8
PARFUM,8
PEAU,8
PIERRE.6,8
PRATIQUE,8
PUTAIN,8
QUE,8
REMARQUER.1,8
RESPIRER,8
RIRE.FAIM,8
ROLE.6,8
ROULEAU-PATISSERIE,8
SCOUT,8
SENTIR-MAL,8
SEPTEMBRE,8
SKI,8
TORTURER,8
TOUT.1D,8
TRANSEXUEL,8
VOIX.GORGE,8
VOLER,8
VOYOU,8
10.2,7
15.MID,7
16.2,7
22,7
26,7
60,7
ACCIDENT.VOITURE,7
ADOPTER,7
AJOUTER.IMPROVISER,7
AMENDE,7
ANNULERT,7
AOUT,7
ARGENT.GAGNER,7
ASCENSEUR,7
AUTOROUTE,7
BAL,7
BATTU,7
BISOUS.2,7
BIZARRE.PEINTRE,7
BLAGUE.PIQUER,7
BOCAL,7
BOSSU,7
BOUCHER,7
BOUILLIR,7
BROSSE,7
CA-VA-PAS,7
CALCULER.COMPTER,7
CAMPING,7
CHANTILLY,7
CHARBON,7
CHARBON.BOULETTE,7
CHAUFFAGE,7
CHIFFRE.PALM-DOWN,7
CHIQUE,7
CLAQUER,7
COMPOTE,7
CONFIRME,7
CONSERVER,7
DE:FRIMEUR,7
DE:GAGNER,7
DE:LAISSER.ABANDONNER,7
DEPRESSION,7
DERNIER.CARTE,7
DIEU,7
DOLLAR.S,7
DSTONDEUSE),7
ECHELLE,7
EPLUCHER,7
ESSAYER-A-FOND,7
ETEINDRE.LAMPE,7
ETOILE,7
FAMILLE.TROMPER,7
FAX,7
FBUOY:EQUIPE,7
FBUOY:TROIS,7
FLEUR.G,7
FRIMER,7
FRONTIERE,7
FS:FFSB,7
GAUCHE.DINO,7
GRAND.GEANT,7
HAUT-LUXE.VAPEUR,7
HESITER.ENTRE,7
HEURE-10,7
HEURE-2,7
HOSPITAL,7
HOTESSE,7
INFIRMIER,7
INTERNATIONAL,7
LAISSER.COTE,7
LAVER.2,7
LISTE.1-5,7
LOGIQUE.LUNETTES,7
LOGOPEDIE.CASQUE,7
LOUER,7
MALIN,7
MANGER.LANCER,7
MATHEMATIQUE,7
MOT.CONTRAIRE,7
MOUTON,7
NAZI-SALUT,7
NEGATIVE-MAIN,7
NS:AWIPH,7
NS:BERNARD,7
NS:DELPHINE,7
NS:GAUTHIER,7
NS:JEAN-PIERRE,7
NS:LORENZO,7
NS:NAPOLEON,7
NS:NS:IRSA,7
NS:THIERRYTY),7
NS:UCCLE,7
OBEIR,7
PARENTS.8,7
PARTIE.VIRER,7
PEDAGOGIQUE,7
PERIODE.COUPER,7
PIANO,7
PLAT,7
PLAT.ASSIETTE,7
POLI.RESPECTER,7
POMME.SAVON,7
PRECISER.TETE,7
QUI-PASSE,7
RANDONNEE,7
RECORD,7
REGARDER.DISTRAIRE,7
REPORTER,7
RISQUE,7
ROLE.TOURNER,7
SECONDE,7
SECRET,7
SOUMIS,7
SOUVENT.MARSELLE,7
TABAC,7
TELECOMMANDE,7
TETU,7
THE,7
TOURNER.PAGE,7
TOURNEVIS,7
TRAMPOLINE,7
VENTILATEUR.3,7
VERSER,7
VISITER.RENCONTRER,7
ZOO,7
19.2,6
2008,6
41,6
45,6
55,6
70,6
8,6
800.2,6
84,6
AFFAIRE,6
AMELIORER,6
AN-3,6
ANALYSER,6
APRES-DEMAIN,6
ARAIGNEE,6
ARMOIRE,6
BIENTOT,6
BLOND,6
BOUTON,6
BRILLANT,6
BUT,6
C-EST-LA-VIE,6
CAPITALE,6
CARNAVAL,6
CASQUE,6
CHANSIGNE.COMPTINE,6
CHAPEAU.BRAVO,6
CHAUVE.B,6
CHEZ,6
CIMENT,6
CLE-PORTE,6
CM.C,6
COMME-CA-AUSSI,6
COMPTABLE,6
COURSES.AVEC,6
DE:ACQUERIR,6
DE:CHIC,6
DE:NON-MERCI.FLATGO,6
DE:SAUTER-JOIE,6
DEMANDER.ECHANGER,6
DEPOSER-LAISSER,6
DESCENDRE.FAILLITE,6
DEVELOPPER.PROGRESSER,6
DIABETE,6
DISSOUDRE,6
DOUCE,6
ECOUTER.PIANO,6
ECOUTER.YEUX-C,6
ECRIRET,6
EDUCATION,6
EFFONDRER,6
ENERGIE.FORCE,6
ENREGISTRER,6
ENTRE.DIVERS,6
ESSENCE,6
FAIBLE,6
FAIM,6
FBUOY:DS,6
FBUOY:LS,6
FEUILLE.F,6
FILM-FIN.4,6
FORT.INTERPRETE,6
FRANCAIS-SIGNE,6
FRIGO,6
FS:E,6
FS:LSFB,6
GLACE,6
GRAND-PARENTS,6
GRAND-PERE.8,6
GROSSIER,6
HESITE.ENTRE,6
HEURE-7.2,6
HEURE-8.2,6
HEURE-9.2,6
INTERESSANT-NEG,6
JOURNAL.FENETRE,6
KILOGRAMME.K,6
LATTE,6
LENT.DOUCEMENT,6
LITRE,6
LUNETTES,6
MARCHER.BRAS,6
MEDICAMENT,6
MEUBLE.5,6
MONTAGNE.CHAMEAU,6
MORDRE,6
NEIGE,6
NOYER,6
NS:CONSTANT,6
NS:EGYPTE,6
NS:ELISA,6
NS:EMMA,6
NS:JULIE,6
NS:LILIANE,6
NS:SADRINE,6
NS:SONNEMANS,6
OPINION,6
PAIN.HESITER,6
PALM-DOWN,6
PAPILLON,6
PAR,6
PC-TOUR,6
PENDANT,6
PETIT.MINORITE,6
PINCER,6
PLANTE,6
PLASTIQUE.OEUF,6
PLEURE,6
PLONGER.SAUTER,6
PLUS-JAMAIS,6
PNEU.TRADITIONNEL,6
POISSON.TRANCHE,6
POP-CORN.JACUZZI,6
PORTE.PINCER,6
POUR-RIEN,6
PSYCHOMOTRICITE,6
PUBLICITE.ACTIVITE,6
REMPLIR.NIVEAU,6
RESERVER,6
RESERVER.ATTRAPER,6
RESUMER,6
REUNION,6
RITUEL,6
SABLE,6
SAC-A-DOS,6
SAGE,6
SAUCISSE,6
SAUF,6
SECONDAIRE.SUPERIEUR,6
SEMAINE-3,6
SEPARER.DISTANCE,6
SILENCE-MMH,6
SOUPE,6
SURPRISE,6
TACHE.PENSER,6
TENTE,6
TOURNADE,6
TRANSPIRER,6
VIDE.EPUISER,6
VIN,6
VOIR-PAS,6
66,5
86,5
99,5
A-FIN,5
ACCORD-NEG,5
ACCUEIL,5
AN-3-PASSE,5
ANTI-VIRUS,5
APRES.G,5
ARRETER,5
ARRIVER.APPORTER,5
ASSIETTE,5
ASSURANCE,5
ASSURANCE.POSTE,5
AUJOURD'HUI,5
AVALER,5
AVENTURE.CHEMIN,5
BANQUET.BANC,5
BASKET.BRAVO,5
BAVER,5
BOTTE,5
BRAS,5
BRUIT.SON,5
CANARD,5
CHAMPION.MENTON,5
CHERCHER.AVEUGLE,5
CINEMA.GRIFFE,5
CLIENT,5
CLIGNER,5
COMMUNAUTE.MAISON,5
CONFITURE,5
CONSEIL,5
CONTRIBUTION,5
COUPER.ABBATRE,5
CRIER-MURMURER,5
DE:RELAX-REJETER,5
DE:VALEUR-NEG,5
DE:VOIR-PAS-CACHE,5
DECEMBRE,5
DEFIS,5
DEMOCRATIE,5
DEPENDRE,5
DETESTER,5
DICTIONNAIRE,5
DISCOURS,5
DORMIR.MAINS,5
DOUER,5
DRAGUER,5
ECONOMIE.2,5
EGAL.TOUS,5
EMBALLER,5
EPICE,5
ETEINDRE,5
EXAGERER.METRE,5
EXCEPTIONNEL,5
EXPRES,5
FAIRE.COMMENT,5
FENETRE.2,5
FERMER.SENTIR,5
FILM.MOODLE,5
FOUET,5
FOURCHETTE,5
FREINER-VELO,5
FRERE.WOLUWE,5
FS:CARS,5
FS:CFLS,5
FS:COBA,5
FS:CPAS,5
FS:DM,5
FS:GB,5
FS:ONU,5
FS:TT,5
FS:XC,5
GARE,5
GENERAL.MASTER,5
GLACE.ATTENDRE,5
GROUPE,5
HAMBURGER,5
HANDICAP.THEATRE,5
HESITER.COEUR,5
HEURE-3,5
HEURE-8.2.CERCLE,5
HOMO.KETCHUP,5
HUILE,5
ICONICITE,5
IMPORTANT-PAS,5
INDIEN,5
INVITER,5
JAMBES.ECARTER,5
JANVIER.CUISINE,5
KAYAK.RAMER,5
LIMITE.FIN,5
LION,5
LISTE.CONDITIONS,5
LOTTO.VOTE,5
LOUER.MAISON,5
LUXE,5
MAIGRIR.VISAGE,5
MAL.PATIENCE,5
MAMAN.MONSIEUR,5
MARRE,5
MODELE,5
MOIS-9,5
MOUSTACHE.8,5
MUTUALITE.EPAULE,5
NAIF,5
NEGATION,5
NS:ALAIN,5
NS:ARWEN,5
NS:CANADA,5
NS:CAPUCINE,5
NS:FABIENNE,5
NS:FRONTRUNNERS,5
NS:LAURENCE,5
NS:MARIE-HAPS,5
NS:MC-DONALD,5
NS:MURIELLE,5
NS:MYLENE,5
NS:OOVOO,5
NS:PABLO,5
NS:PICRON,5
NS:SAINT-NICOLAS,5
NS:SUSANA,5
NS:THIERRY,5
NS:UKRAINE,5
NUMERO,5
OBSEDE-CARRE,5
OCCASION.JETER,5
OCTOBRE,5
OFFICIER,5
OPERER,5
OPERER.COUTEAU,5
OREILLE,5
PARENTS.INVERSE,5
PARTAGER,5
PAS.PAS,5
PASSEPORT,5
PBUOY:PERIODE,5
PEAU.VISAGE,5
PECHER,5
PEINDRE.PLAT,5
PHYSIQUE,5
PLAGE,5
PLAINTE,5
PLEIN.CHIEN,5
PLONGER,5
POELE.CHAUD,5
POKER.TOURNER,5
PORTABLE,5
POURRIR,5
PRENDRE.MOUCHE,5
PRESSION.DISCRIMINATION,5
PRIORITE,5
PROFIL.GLISSE,5
PROGRESSER.LIFT,5
PUBLIC.AUDITOIRE,5
RADIO,5
RAPPELER,5
RECOPIER,5
REGION.ENDROIT,5
ROSE.NEZ,5
S-IL-VOUS-PLAIT.I,5
SALE.MER,5
SALON.8,5
SALUT,5
SCRAPBOOKING.PUZZLE,5
SEC,5
SEMAINE-PLURIEL,5
SEPARER.ECARTER,5
SPERMATOZOIDE,5
STATUT,5
TAUPE,5
TAXE,5
TELEVISION.TV,5
TOT,5
TRADUIRE,5
TRICOTER,5
TUER.REVOLVER,5
USER,5
VANILLE.V,5
VARIABLE,5
VERRE,5
VIOLENCE.V,5
VOCABULAIRE.V,5
VOIR.1,5
VOISIN,5
VOTE,5
VTT,5
YEUX.X,5
15-JOURS,4
150,4
17.2,4
180,4
19,4
200,4
2002,4
2003,4
65,4
66.2,4
9,4
ABONNEMENT,4
AFFICHE,4
AISE.GENTIL,4
ALCOOL,4
AMBULANCE,4
AN-1E,4
AN-5,4
ARABE,4
ARCHITECTE,4
ATTIRER.ENERVER,4
AU-REVOIR.MAMAN,4
AUTOBUS,4
AUTONOMIE,4
BAGARRE,4
BEAUCOUP-NEG,4
BIENVENUE,4
BILAN,4
BONBONNE,4
BONNET,4
BOSSE,4
BRAILLE,4
BRAVO,4
CA-MARCHER,4
CANARD.NAGER,4
CANETTE,4
CANNE,4
CASQUETTE.ROLE,4
CHAINE,4
CHAPEAU.LETTRE,4
CHARGE.LOURD,4
CHARME.YEUX,4
CHENE,4
CHIPS,4
COEUR.BATTRE,4
COEUR.FORME,4
COIFFEUR.COOL,4
CONCIERGE.ALBERT,4
CONTINUER.SCANNER,4
CONTRAIRE.DEVENIR,4
CONVENTION,4
COURGETTE,4
COUVEUSE,4
CRAYON,4
CREER.CONSTRUIRE,4
CREPES,4
CUILLERE,4
CUISINE.MENAGE,4
DE:AUTOMATIQUE.CLICK,4
DE:CHAGRIN,4
DE:CHIER,4
DE:FINIR-TOUCHER,4
DE:GORGE.PEUR,4
DE:LAVER-MAIN,4
DE:MUR-PARLER,4
DE:ODEUR-ARGENT,4
DE:TANT-PIS-FOUTRE,4
DE:TRANSPIRER.OUF,4
DECAPOTABLE,4
DECORATION,4
DEONTOLOGIE,4
DESHABILLER,4
DETTE,4
DIFFICILE.VINAIGRE,4
DISTRIBUER,4
DONNER.SEPARER,4
DOUCHE,4
DSTIRE CORDE),4
EBENISTE,4
ECHAUFFEMENT,4
EMBRASSER,4
EMMERDE,4
EN-ORDRE,4
ENFUI.METRO,4
ENNEMI.DISPUTER,4
EPEE,4
ERREUR,4
ETONNER.REVEIL,4
EVANOUIR,4
EVENEMENT,4
EXPRESSION-FACIALET,4
FACE,4
FAUTEUIL,4
FAVORITE,4
FBUOY:,4
FBUOY:DEUX,4
FBUOY:PAPIER,4
FBUOY:POELE,4
FESSE,4
FETE.5,4
FEU-ROUGE,4
FOIS-1,4
FONCE.O,4
FOUETTER,4
FRANC-BELGE,4
FRITEUSE,4
FS:BF,4
FS:ESB,4
FS:FATIMA,4
FS:LOGO,4
FS:N,4
FS:W,4
FS:X,4
FS:Y,4
FUSIL,4
GLISSER,4
GRAMMAIRE.G,4
GRAMME,4
GRAND-MERE.HANCHE,4
GRAND-MERE.HAUTEUR,4
HABITER.PLACE,4
HEURE-3.CERCLE,4
HEURE-5,4
HIBOU-O-3,4
HONNETE,4
HOPITAL.10,4
INFLUENCE.MATCH,4
INSCRIRE,4
INTERNAT.DANS,4
ISOLATION,4
JAMBE,4
JOUE,4
LECHER,4
LESBIENNE,4
LIGNE,4
MAIGRIR,4
MAJORITE,4
MECHANT.1,4
MECHANT.BAL,4
MEME.EGAL,4
MENU,4
MILLION,4
MINUIT,4
MOIS-3.B,4
MOUCHE.AILE,4
MUSULMAN,4
NEZ.CLOWN,4
NOEL.SALADE,4
NS:ABBE-EPEE,4
NS:ALSEMBERG,4
NS:BLANKENBERG,4
NS:CARREFOUR,4
NS:CHANTAL,4
NS:DOMINIQUE,4
NS:FINLANDE,4
NS:FLORENE,4
NS:GAND,4
NS:JEANPIERRE,4
NS:JOSIANE,4
NS:LA-PANNE,4
NS:LAETITIA,4
NS:LAURA,4
NS:LAURENT,4
NS:MARIE,4
NS:MERCEDES-BENZ,4
NS:NS:AMERIQUE,4
NS:NS:CREE,4
NS:QUICK,4
NS:RAYMONDE,4
NS:SIMONTRACE-TETE),4
NS:SUZANNE,4
NS:TREMPLIN,4
NS:VANESSA,4
NS:VENISE,4
NS:YOURI,4
ORAL.10,4
ORGANISER.ACTIF,4
PAPA.COQ,4
PARKING,4
PARLER.F,4
PAUSE.CASSER,4
PAUSE.REPOSER,4
PECHE,4
PELLE,4
PERCEUSE,4
PERDRE.PENSER,4
PETIT.SERRER,4
PHARE,4
PHARMACIE,4
PIRE,4
PLACE-CHEF,4
PLACE-CHEF.SOUS,4
PNEU,4
POLI.T,4
POULE,4
PRES.COUDE,4
PRISON,4
PROBLEME.BONBON,4
PROFESSEUR.HUMAIN,4
PROFESSIONEL,4
PROMOTION,4
PROPRE.8,4
PUE,4
QUICHE.Q,4
QUITTER.ECOLE,4
RACINE,4
RANGER.R,4
REACTION,4
RELIGION,4
ROBOT,4
SAINT.ASSEZ,4
SALLE.Y,4
SAUCE.T,4
SCIENCES,4
SECONDAIRE.S,4
SEMAINE-2,4
SERPENT,4
SITE,4
SNOB,4
SOURCIL,4
STATISTIQUE,4
SUICIDE,4
SURFACE,4
TBUOY:TAILLE-KITESURF,4
TERRAIN,4
TETU.TETE,4
TGV,4
TOUCHER.COEUR,4
TOUJOURS.LOIN,4
TOUR-TOI,4
TRIANGLE,4
TROTTINETTE.MOTO,4
TURQUOISE,4
VEGETARIEN,4
VISITE.MUTUELLE,4
VITAMINE-VERT,4
VOLER.CHIANT,4
VOTER,4
VOYAGE.X,4
ZOOM.PLUS,4
1.000.000,3
1.FORME,3
1980,3
2004,3
300,3
38,3
4000,3
48,3
48.2,3
50.000,3
500,3
68,3
83,3
88,3
9000,3
91,3
92,3
A-CAUSE,3
ABREGER.GENERAL,3
AFFECTION.SERRER,3
AMEN,3
AMOUR,3
APRES.FUTUR,3
ARROSER,3
ARTICLE,3
ASSEMBLEE,3
ATTACHER.CHEVEUX,3
ATTENTION.1T,3
AUTOROUTE.COIFFEUR,3
AVOIR.5,3
AVRIL,3
BAIGNOIRE,3
BATTERIE,3
BEBE.MECHANT,3
BIBLIOTHEQUE,3
BOEUF,3
BONJOUR.SALUT,3
BOURRE,3
BRULER,3
CANCER,3
CANCER.TRONC,3
CAROTTE,3
CARRELAGE,3
CARTE.MARTEAU,3
CARTE.MELANGER,3
CAUTION,3
CENTIME,3
CERTAIN,3
CHAMPIGNON,3
CHANTSIGNE,3
CHAPEAU,3
CHAT.10,3
CHIANT.BOIS,3
CHICON,3
CHIFFRE.DIMINUER,3
CHOCOLAT.JOUE,3
CICATRICE,3
CODA.CC,3
COEUR.AMOUR,3
CON.FORT,3
CONTOURNER,3
CORDE-A-SAUTER,3
CORDONNIER,3
COUTEAU,3
D-ABORD,3
DBUOY,3
DE:ASSOMMER-CHER,3
DE:CACHER.EVITER,3
DE:DECOUVRIR,3
DE:EN-FOUTRE,3
DE:ENFIN.OUF,3
DE:ETONNER,3
DE:INTELLIGENT.DIMINUE,3
DE:NERVEUX,3
DE:OCASION-PROFITE,3
DE:PALE-CHOC,3
DE:PASSION-BRAS,3
DE:PLAISIR,3
DE:POMME-DE-ADAM,3
DE:REMPLIR-VENTRE,3
DE:RIRE-EXPLOSER,3
DE:VOIR-PAS-EXCUSE,3
DECEMBRE.HIVER,3
DEPASSER.TRAVERSER,3
DETUMESCENCE,3
DEVINER,3
DIMINUER.EAU,3
DINDE,3
DROITE,3
DSH:CLICK-CLAVIER,3
EAU.ROUGE,3
ECARTER,3
ECUREUIL.U-BOUCHE,3
EGOISTE,3
ENGAGER-DEPOSER,3
ENSEMBLE-TOUJOURS.A,3
FACTURE,3
FERMET,3
FETE.GENTIL,3
FITNESS,3
FIXE.X,3
FONTAINE,3
FRATERNITE.FRERE,3
FROMAGE,3
FS:AS,3
FS:BEYBLADE,3
FS:BIO,3
FS:CAP48,3
FS:CO2,3
FS:DE,3
FS:FL,3
FS:FLORENCE,3
FS:LIBRAS,3
FS:MAMA,3
FS:PAR,3
FS:PC,3
FS:SNIPER,3
FS:XP,3
FS:Z,3
FSIGN:NS:FACEBOOK,3
GARDERIE,3
GENETIQUE,3
GENOU,3
GOUVERNEMENT,3
GRAINE.BILLE,3
GRAISSE.PIZZA,3
GRAM,3
GRAND-ONCLE,3
GRAND-PERE.HAUTEUR,3
GREVE,3
GRIS,3
GSIGN:WOW,3
GUIDE,3
HAUT-PARLEUR,3
HERBE.PRAIRIE,3
HERITER.G,3
HESITER.DEUX-PERSONNES,3
IMAGINER.I,3
IMPOT,3
INDICE.I,3
INSOUMIS,3
INTERNET.DIFFUSER,3
INTERNET.JOUER,3
JAMBES.TREMBLES,3
JEU.CARTE,3
JEUNE.JOUE,3
KO.ECHEC,3
LAC,3
LANGUE.L.L,3
LAVABO,3
LEADER,3
LS.PUISSANCE,3
MACHOIRE,3
MAMAN.FEMME,3
MANGER.VACHE,3
MARATHON,3
MATCH,3
MEMBRE,3
MENAGE,3
METEO.10-MENTON,3
METTRE.NOURRIR,3
MICRO-ONDES,3
MICROONDES,3
MIROIR,3
MISS,3
MOIS-1,3
MOIS-2.B,3
MOIS-3,3
MONTGOLFIERE,3
MORT.COURS,3
MUSÉE,3
NOEL.JESUS.NAITRE,3
NOMINER,3
NOVEMBRE.SCANNER,3
NS:ANAIS,3
NS:ARLON,3
NS:BARON,3
NS:BERNADETTE,3
NS:BLOMBLE,3
NS:BRASILIA,3
NS:BRESIL,3
NS:CFLS,3
NS:CHARLEROI,3
NS:CHRISTOPHE,3
NS:CORENTIN,3
NS:FFSB-JEUNES,3
NS:FIONA,3
NS:FLAMEND,3
NS:GIGLIOLA,3
NS:GRECE,3
NS:JEAN-JACQUES,3
NS:JOANNA,3
NS:LA-CLE,3
NS:LAURATRESSE),3
NS:LIDL,3
NS:LUI-ET-NOUS,3
NS:MAURICE,3
NS:MILAN,3
NS:MONCEAU,3
NS:NS:APEDAF,3
NS:NS:BERCHEMTHE)THE),3
NS:PALMYRE,3
NS:PAPERMAN,3
NS:PATRICIA,3
NS:PORTUGAL,3
NS:REMPART-MOINES,3
NS:SAUVAGE,3
NS:SKYPE,3
NS:SUISSE,3
NS:THIERRYTT,3
NS:TIMOTHYT-NOUVEAU),3
NS:VAN-GOGH,3
NS:VERHELEST,3
NS:VGT,3
NUAGE,3
OCCUPER,3
OISEAU.JEUNE,3
ORL,3
PAPILLON.NOEUD,3
PARTAGER.MOITIE,3
PAYER.ENSEMBLE,3
PECHE.SOURRIRE,3
PELLE.TOURNER,3
PERROQUET,3
PESER,3
PETIT-RIEN,3
PI,3
PIECE,3
PIEGE.G,3
PILOT,3
PIRATE,3
PLAFONNAGE,3
PLONGEE.PARANO,3
POMPAGE,3
POMPE,3
PORTABLE.BALCON,3
POUSSETTE,3
PROFIL,3
PROPRIETE,3
PROVINCE,3
PROVISOIRE,3
PT-DET,3
RAISIN,3
RANGER,3
RAPPORTEUSE,3
RECULER.DOUCEMENT,3
REGARDER.DERRIERE,3
REGISTRE,3
REGRETTER,3
REMORQUE,3
RESUMER.ABREGER,3
RONFLER,3
ROULER,3
S-IL-VOUS-PLAIT,3
SALON.REPOS,3
SALOPE,3
SAUCISSE.FRICADELLE,3
SAUNA,3
SAVOIR-BIEN,3
SAVOIR-JAMAIS,3
SCANNER.CORPS,3
SCIENCES.ATTENTION,3
SCIENCES.MEXIQUE,3
SEJOUR,3
SERVANT,3
SEVERE.DUR,3
SEXE.FAIRE,3
SIFFLER,3
SMARTPHONE,3
SORCIERE,3
SOURIS.R,3
SPRAY,3
T-SHIRT,3
TACHE.GRAVER,3
TAUREAU.COCU,3
TAXE.X,3
TBUOY:GSM,3
TEMOIN,3
THEATRE.PERSONNE,3
TIMBRE,3
TIRER,3
TIRET,3
TISSU.ROULEAU,3
TOILETTES,3
TOMBOLA,3
TOTAL.ENSEMBLE,3
TOUTT,3
TRADUCTION.TETE,3
TRANCHE,3
TRAVAUX.RECHERCHE,3
TRIBUNAL,3
TRICHER,3
VAGIN,3
VAISSELLE,3
VASE.COUVERCLE,3
VENGEANCE,3
VENTILATEUR.1,3
VENTRE,3
VIBRATION.CORPS,3
VILLA,3
VIOL,3
VOLUME,3
VOUS,3
WC,3
WORLD,3
YEUX.TOURNER,3
ZOOM.LOIN,3
ZOOM.MOINS,3
10.ARABE,2
1060,2
11.000.000.000,2
156,2
2013,2
2014,2
23,2
28,2
40.000,2
46,2
5000,2
58.2,2
5E,2
6000,2
63,2
6E,2
6E.2,2
7E,2
90.BERCHEM,2
94,2
???FUSION,2
ABDOMINAUX,2
ABSENT,2
ABSORBER,2
ACCENT,2
ADOLESCENCE,2
ADULTE.A,2
AFFECTION,2
ALCOOLIQUE.VERRE,2
ALLUMER-FEU,2
AMBIANCE,2
AN-1-PASSE,2
AN-9-PASSE,2
ANGE,2
ANNEE-2,2
APRES-MIDI.MANGER,2
ARGUMENT.PROGRAMME,2
ATTENTIONT,2
AU-COURANT,2
AUJOURD-HUI.BAS,2
AUSSI-NEG,2
AVANTAGE.FRONT,2
AVEC.OU,2
AVOCAT,2
AVRIL.JESUS,2
BAGARRE.FRAPPER,2
BAILLER.BRAS,2
BANCONTACT,2
BANDAGE,2
BANQUE.INTELLO,2
BANQUET,2
BAR.CAFE,2
BARBE.MENTON,2
BASE.SURFACE,2
BAVARDE.FEU,2
BD,2
BEC,2
BELIER,2
BETE.CON,2
BEURRE.GRAVER,2
BIEN.PAPIER-NEG,2
BIFTECK,2
BIZARRE.PRUDENT,2
BLAGUE.F-NEZ,2
BLE,2
BLESSER.OUVRIR,2
BONBON.ROUGE,2
BOURGEOIS.B,2
BROSSE-MUR,2
BROSSER,2
BROSSER.COURS,2
C,2
C4,2
CA-VEUT-DIRE.10,2
CACAO,2
CAISSIER,2
CANON,2
CARAFE,2
CAROTTE.ORIGINAL,2
CARREAU.BRILLER,2
CARTE.MANDAT,2
CASQUETTE.ROLET,2
CASSEROLE,2
CD.CD,2
CELLULE,2
CERISE.JOUE,2
CHAMPAGNE,2
CHANDELEUR,2
CHANDELEUR.RECLAMER,2
CHAPE,2
CHAUVE.TETE,2
CHEMINEE,2
CHER.ARGENT,2
CHEVAL.MORS,2
CHEVEUX.LISSE,2
CHIEN-QUEUE,2
CIBLE,2
CIBOULETTE,2
CLAIRE,2
CLOU,2
COEUR.AGRANDIR,2
COFFRE,2
COLLIER,2
COMMANDANT,2
COMPOTE.TOURNER,2
COMPRENDRE.RIEN,2
CONCIERGE,2
CONFIGURATION,2
CONFORTABLE,2
CONGO,2
CONTENT-NEG,2
CONTINUER.DEVANT,2
CONTRACTION,2
CONTROLER.SURVEILLE,2
COOL,2
COUCHER.2,2
COW-BOY,2
CRACHER,2
CRAVATE,2
CRAYON.F-TOURNER,2
CRISE-CARDIAQUE,2
CRITERE,2
CUIR,2
DANITZA,2
DATET,2
DBUOY:PAQUET,2
DE:BRAS,2
DE:CERVEAU-CASSE,2
DE:CHOC-YEUX,2
DE:CONVAINCRE-DOUCE,2
DE:CURIEUX-VOIR,2
DE:FINIR.TENNIS,2
DE:IGNORER,2
DE:TACHE-RETENIR,2
DE:TAPER-DANS-DOS,2
DE:TEMPS-MUR,2
DE:TRANQUILLE,2
DEMAIN.PLUSIEURS,2
DEMANDER-NEG,2
DENTISTE,2
DEPOSERT,2
DESCENDRE.RUE,2
DESOLE.2-MENTON,2
DETACHER,2
DETESTER.POUSSER,2
DETRUIRE,2
DIRECTEUR.RECULER,2
DIVISER,2
DONNER.ARGENT-CACHETTE,2
DPBUOY:ESPACE-REGION-PLATE,2
DPBUOY:RUE,2
DROITE.DIEU,2
DSG,2
DSS:LARGUER-GSM,2
DSS:NIVEAU-HAUTEUR,2
DSS:PUBLICITE-GRAND,2
DVD,2
ECOUTER.SOURD,2
ECOUTEUR,2
ECROULER,2
ECUREUIL,2
ECUREUIL.CHERCHER,2
ECURIE.CHEVAL,2
EGAL-HAUT,2
EGAL.EQUILIBRE-HAUT,2
ENCORE-PAS.SECRET,2
ENCOURAGERT,2
ENDORMIR.YEUX,2
ENNEMI.PISTOLET,2
ENVELOPPE,2
ENVIRON.PREFERE,2
ENVOYER.SMS,2
EPUISER.ARGENT,2
EQUIPE-2,2
ESSUIE.POUPEE,2
ETOILE.BASTOGNE,2
EURO.INVERSE,2
EVIDENT.COMPARER,2
EXPRESSION.FACIALE,2
F4,2
FAIBLE.Y,2
FANCY-FAIR,2
FAUTE,2
FAUX-DENT,2
FBUOY:ARBRE,2
FBUOY:CHAPEAU,2
FBUOY:CHEVAL.MONTER,2
FBUOY:FOUR,2
FBUOY:MUR,2
FBUOY:PORTE,2
FBUOY:PRO2,2
FBUOY:QUATRE,2
FBUOY:REGARDER,2
FBUOY:TEXTE,2
FBUOY:TOIT,2
FERMER-BOUCHE,2
FIANCE.BRAS,2
FIXE,2
FOIS-2E,2
FRAMBOISE.FRUIT,2
FRANC,2
FRATERNITE,2
FRATERNITE.FAMILLE,2
FREINER-VOITURE,2
FS:,2
FS:ALDI,2
FS:ALONA,2
FS:ANS,2
FS:APEDAF,2
FS:AR,2
FS:BRT,2
FS:BUGGY,2
FS:BUIS,2
FS:CESS,2
FS:CI,2
FS:CORNET,2
FS:CROSSFIT,2
FS:ECURIE,2
FS:ELDI,2
FS:ESSO,2
FS:ET,2
FS:EX,2
FS:FN,2
FS:FRATERNITE,2
FS:G°GRADUAT,2
FS:IN,2
FS:IVT,2
FS:JC,2
FS:JULIETTE,2
FS:LA,2
FS:LE,2
FS:ME,2
FS:MERE,2
FS:MISS,2
FS:MR,2
FS:MY,2
FS:MYLENE,2
FS:NO,2
FS:ORL,2
FS:OS,2
FS:PHARE,2
FS:PK,2
FS:RH,2
FS:RIZ,2
FS:SAJ,2
FS:SEE,2
FS:SEJOUR,2
FS:SM,2
FS:SP,2
FS:STENOGRAPHIE,2
FS:TIM,2
FS:TROND,2
FS:U,2
FS:VALERIE,2
FS:VENISE,2
FS:VISA,2
FS:VODA,2
FSIGN:TVTV),2
FXD:CHANGER,2
FXD:DIFFERENT,2
FXD:PAPA,2
GANTS,2
GARAGE.PORTE,2
GAZ,2
GRACE,2
GRAINE,2
GRAMMAIRE.MAIN-G,2
GRAND.MAL,2
GRATTER,2
GSIGN:EUH-DACTYLOLOGIE,2
HABITER.BA,2
HESITER.DECIDER,2
ILY,2
INSTITUTE,2
INSULTER,2
INTEGRATION-NEG,2
INTERDIRE.CROIX,2
INTERET,2
INTERIEUR,2
INTERNET.NOEL,2
INVERSER.HORIZONTAL,2
IPAD,2
JANTE.PNEU,2
JEANS,2
JEUDI,2
JEUDI.JAUNE,2
JURER,2
KERMESSE.SERVIETTE,2
LAC.L,2
LAPIN,2
LATIN,2
LAVER-DENT,2
LAVER.CHEVEUX,2
LECTEUR.CARTE,2
LES,2
LOTTO.PARI,2
LOUER.BALANCE,2
LS-NEG,2
LUNE,2
M,2
MADAME.AVOIR,2
MAGASIN.55,2
MAILLOT,2
MAIN.COUPER,2
MALENTENDANT,2
MALENTENDANT.DEMI,2
MANIPULATION,2
MANNEQUIN,2
MANOEUVRE,2
MAQUILLER.YEUX,2
MARCHE,2
MARCHER-PIED,2
MASQUE.LUNETTE,2
MECHANT.MID,2
MELANGER.INTEGRATION,2
MEME.AVANCER,2
MENTIR,2
MER.COURBE,2
MINUTES,2
MOBILETTE,2
MOIS-6.B,2
MOIS-7,2
MOITIER,2
MORCEAU.N,2
MOUCHE,2
NIVEAU.MANIPULE,2
NOUVEAU,2
NOUVEL-AN,2
NS:AFGHANISTAN,2
NS:AFRIQUE,2
NS:ANS,2
NS:ART-METIER,2
NS:ASIE,2
NS:AUTRICHE,2
NS:BASTOGNE,2
NS:BENEDICTE,2
NS:BRABANT-WALLON,2
NS:CAMBODGE,2
NS:CHARLIE-CHAPLIN,2
NS:CHRISTELLE,2
NS:COLRUYT,2
NS:CROSSFIT,2
NS:CROSSFITNESS,2
NS:DUMONT,2
NS:EUGENE,2
NS:FACETIME,2
NS:FIEVET,2
NS:FRANCOIS,2
NS:GIUSEPPE,2
NS:HAWAII,2
NS:HUY,2
NS:HYPPOLITE,2
NS:IPAD,2
NS:JEAN-MICHEL,2
NS:JESUS,2
NS:LA-LOUVIERE,2
NS:LIBRAS,2
NS:LUDIVINE,2
NS:LYTA,2
NS:MAKRO,2
NS:MAXIME,2
NS:NEW-YORK,2
NS:NS:NORVEGE,2
NS:OUTREMEUSE,2
NS:ROUMANIE,2
NS:SAMSUNS,2
NS:SEBASTIEN,2
NS:SPERMALIE,2
NS:STRASBOURG,2
NS:SUEDE,2
NS:TCHEQUIE,2
NS:THOMAS,2
NS:TIMOTHYTI),2
NS:VIERGE-NOIRE,2
NS:VOLKSWAGEN,2
NS:WATERLOO,2
OBLIGER,2
OCCASION,2
OCCASSION,2
OCCUPER.O,2
OEIL-NOIR,2
ORDINATEUR.CLAVIER,2
OREILLETTE,2
ORGANISER.O,2
OUVRIER.X,2
PAILLE,2
PANNE,2
PAPE,2
PAPILLON.NOEUD.L,2
PAQUES.SERPENT,2
PAQUES.VENISE,2
PARALLELE,2
PARC,2
PARCE.JUILLET,2
PARRAIN,2
PARTIR.ASSEZ,2
PAS-BON,2
PENSER.PT,2
PERMIS,2
PERSIL,2
PHILOSOPHIE,2
PHOTO.OBJECTIF,2
PHOTOCOPIE,2
PIED,2
PIED.NU,2
PIED.TAPER,2
PILE.HEURE,2
PIPE,2
PIRE.Y,2
PLANTER,2
PLASTIQUE,2
PLEURER.OEIL,2
PLUME.POIL,2
POIVRE,2
POLE-SECTEUR,2
POLI.OUVRIR,2
POLITIQUE.DEBAT,2
POP-CORN,2
PORNO,2
PRET.HABILLER,2
PRETER.L,2
PREVENIR.VOIR,2
PRISE,2
PRISON.POIGNET,2
PROPHETE,2
PSYCHANALYSE,2
PTBUOY,2
PTBUOY:LIEU-DEPART,2
RALLY,2
RAPPORT,2
RASER,2
RAT,2
RATEAU,2
RECREATION,2
RECREATION.HANCHE,2
RECULER.TIMIDE,2
REGARDER.FACE,2
REGULIER,2
RELAX.YOGA,2
REPASSER,2
RESSEMBLER,2
RESTE.LONGTEMPS,2
RESTER.DURER,2
RESULTAT,2
RETIRER,2
RETOURNER,2
REVENDRE,2
REVENU,2
RIZ,2
ROBE,2
ROI,2
ROI.RECORD,2
ROMAIN,2
ROMAIN.MOUSTACHE,2
ROULER.VOITURE,2
RYTME,2
S,2
SABLE.AVEC,2
SALON.OEUF,2
SAVON,2
SECTION,2
SENATEUR,2
SEPTEMBRE.G,2
SERRER.MAIN,2
SERVIR,2
SEXE.BAISER,2
SOURIRE.LEVRE,2
SOUTIEN-GORGE,2
STATUE,2
STOP.PANNEAU,2
STUPIDE.L,2
SUCRE.ETAGE,2
SUICIDE.COU,2
SUPPRIMERT,2
SUR-SUR-PLACE,2
SURF,2
SYMPATHIQUE,2
TACHE-CERVEAU,2
TECHNIQUE.T,2
TETE.SOULEVER,2
TETE.TOURNE,2
THE.SACHET,2
TOBOGGAN,2
TOILETTE,2
TOUS-ENSEMBLE,2
TRACE,2
TRADUCTION.OREILLE-MOT,2
TRANSPARENT,2
TROMPER.SEXE,2
TUER.COU,2
UN,2
UNI,2
URGENT,2
VER,2
VEXER.COEUR.PANNE,2
VIDANGE,2
VIDE??,2
VIOLENCE.COURIR,2
VIRGULE,2
VISA,2
VOCABULAIRE.MOT,2
VOLONTAIRE,2
VOMIR,2
VOYAGE.BOUCLE,2
VOYAGE.PLEURER,2
1.II,1
1070,1
120,1
1200,1
17.000.2,1
1880,1
1900,1
1905,1
1913,1
1940.LIEGE,1
1942.LIEGE,1
1950,1
1960,1
1963,1
1966,1
1968,1
1977,1
1983,1
1985,1
1990,1
1995,1
2-3-4,1
2.DIMENSION,1
2.II,1
200.000,1
2001,1
2012,1
24000,1
25.000,1
29,1
2D,1
2E-NEG,1
3.DIMENSION,1
3.II,1
31,1
33-88,1
35,1
36,1
4.II,1
47,1
5.II,1
53,1
61,1
67,1
71,1
72,1
79,1
7E.2,1
95,1
98,1
???????????,1
A,1
A-GENOUX,1
A-Z,1
ABOYER.GUEULE,1
ACCESIBILITE,1
ACCUSER.NEZ,1
ADAPER-NEG,1
ADAPTER.MACHINE-NEG,1
ADMINISTRATIVE,1
ADRESSE,1
AFRIQUE,1
AGENCE,1
AIMER.HOBBY,1
ALLER-RETOUR,1
AMBASSADE.BRESIL,1
AMBULANCIER,1
AN-1-FUTUR,1
AN-2-PASSE,1
AN-2E,1
AN-3E,1
AN-4,1
ANANAS,1
ANCIENNE,1
ANIMATEUR.HUMAIN,1
ANNULER.BRUN,1
APPLICATION.A-CLIC,1
APPLICATION.TOUCHER,1
APPORTER5,1
APPRENDRE1H,1
ARAIGNEE.FRONT,1
ARBRE.COUPER,1
ARES.A,1
ARGUMENT.PARAMTRE,1
ARRAIGNEE,1
ARRANGER.SERPENT,1
ARRET,1
ARRETER.M,1
ART.ART,1
ATELIER,1
ATTACHER,1
ATTACHER.SOLIDARITE,1
ATTENTION.GARDERIE,1
ATTRACTION,1
AUBE,1
AUJOURD-HUI58°,1
AUSSIT,1
AUTOSTOP,1
AUTRE A COTE,1
AUTRE-BAS,1
AUTRE-PART,1
AUTRE.THEME,1
AVARE,1
AVENIR,1
AVEUGLE.COLLE,1
AVOIR .5,1
AVOUER,1
AVOUER.PARTCIPER,1
AVRIL.NEZ,1
AVRIL.SITE,1
B,1
BAILLER,1
BALEINE,1
BALEINE.1,1
BALLON,1
BANANE,1
BAR-CAFE,1
BASKET,1
BAVARDE.PREUVE,1
BEAU-FILS,1
BEAU-FRERE,1
BEAUCOUP.OFFRE,1
BEAUCOUP.TAS,1
BELLE.FLEUR-MAMAN,1
BENEVOLE,1
BESOIN.CENDRIER,1
BETON,1
BIEN.BOUCHE,1
BIENVENU,1
BISEXUELLE,1
BLE.SABLE,1
BLESSER.HANDICAP,1
BOITE-VITESSE,1
BON-APETIT,1
BON.MENTON,1
BONBON.CREME,1
BONBON.MENTON,1
BOUCHE.HONTE,1
BOUCHE.TRISTE,1
BOUGEOIS.B,1
BOUGIE,1
BOUILLON.FOU,1
BOULE.ESTOMAC,1
BOWLING,1
BOXE,1
BRACELET,1
BRICOLAGE,1
BRILLANT.VOLER,1
BRILLER.LS,1
BROCANT.VENDRE,1
BROUETTE,1
BROUTER,1
BRUIT.SON.SON,1
BRUN.RACE,1
BUOY,1
BUOY:VOITURE,1
BURE,1
CA-VA-MIEUX,1
CAFE.CHEVEUX,1
CAFE.SENSEO,1
CALCULER.1,1
CAMERA.L,1
CANNE.AVEUGLE,1
CARREAU-CARTE,1
CARRFOUR,1
CARTE.JEU,1
CARTE.JEU-SERVICE,1
CARTE.LIVRE,1
CASTOR,1
CD.DISQUE,1
CDI,1
CELIBATAIRE,1
CERF-VOLANT.TIRE,1
CERISE,1
CERNES,1
CERTAINE,1
CERVEAU.AVALER,1
CESARIENNE,1
CHAMBRE-A-COUCHER,1
CHAMPION,1
CHAMPION:MENTON,1
CHANGER-AVIS,1
CHANGER.ROUE,1
CHANTER,1
CHARGE-2H,1
CHARME,1
CHATEAU,1
CHAUVE-SOURIS.VOLER,1
CHEMINEE.2,1
CHEMISE,1
CHER-PAS,1
CHIEN.1,1
CHIFFRE.DIMINUE,1
CHINOIS,1
CHRONOMETRE,1
CIBOULETTE.ORANGE,1
CIRCULATION,1
CITOYEN,1
CLAIR-NEG,1
CLASSIFICATEUR,1
CLOCHE,1
COL-ROULE,1
COLLANT-BAS,1
COLLE.BOUE,1
COLLER.TAP,1
COLONNE,1
COLORIER.DESSIN,1
COMMUNISTE,1
COMMUNSITE,1
COMPAS,1
COMPETENCE,1
COMPETENCE.PARLER,1
COMPRENDRE-NEG,1
COMPRENDRE-PAS,1
CONFERENCE.LS,1
CONFUSE1H,1
CONJUGAISON,1
CONSOMMER,1
CONTRAT,1
COORDINATEUR,1
COPIER-2H,1
COPIER-COLLER,1
COPIER.EXPRIMER,1
CORP,1
COUCHER,1
COUDE,1
COULEIR,1
COUP-PIED,1
COUPE,1
COUPER.1,1
COUPER.MAIN,1
COURIR.5,1
COUSINE.FEMME,1
CRECHE,1
CREEME,1
CROCODILE,1
CROISSER-DES-DOIGTS,1
CUILLERET,1
CV,1
CYCLE,1
DANS-,1
DANS.STOCK,1
DATTE,1
DBUOY:ECOLE,1
DE:,1
DE: A-BUT,1
DE: AHH,1
DE: BETE,1
DE: BLAGUE,1
DE: FAPPER,1
DE: LONGTEMP,1
DE: MOI,1
DE: NERVIOUS,1
DE: NUL,1
DE: OBJECTIF EXPRESS,1
DE: PENSER,1
DE:AU-BOUT,1
DE:BAILLER,1
DE:BOF,1
DE:BROSSER.COURS,1
DE:COMPRENDRE-AUTOMATIQUE,1
DE:CROIRE-NAIF,1
DE:DELICIEUX,1
DE:ETONNER-BOUCHE,1
DE:ETONNER-TOMBER,1
DE:FACILE,1
DE:FAIM-RRR,1
DE:FROTTE-MANCHE,1
DE:HASARD.DOIGT,1
DE:INTELLIGENT.AUGMENTE,1
DE:JAMAIS-VU,1
DE:MALADE-CHIANT,1
DE:MICROBE-ACIDE,1
DE:MON-OEIL,1
DE:NERVEUX-VEINE,1
DE:OUPS,1
DE:PAS-ENCOURAGER,1
DE:PAS-VRAI,1
DE:PENSER-OUBLIER,1
DE:PEUT-ËTRE,1
DE:REMPLIR-COU,1
DE:RICHE-ARGENT,1
DE:TACHE.RETENIR,1
DE:TERRE,1
DE:TRANQUILLE.,1
DE:TRANSPIRE.OUF,1
DE:TRAVAIL-MANCHE,1
DE:YEUX-TOURNER,1
DEBARDEUR,1
DECHIRER,1
DECOLLETE,1
DECOLLETE.V,1
DECOUVRIR.CREER,1
DEFENSE,1
DEFINITION,1
DEGUEULASSE,1
DEHORS.1,1
DELPHIN,1
DEMANGER,1
DEODORANT,1
DEPENDANCE,1
DEPLACERPT:LOC,1
DESOLE.STOP,1
DESSIN-ANIME,1
DESSIN-ANIME.ACTIVE,1
DESSIN-ANIME.TATOO,1
DESSOUS.VICE,1
DETESTER.RIEN,1
DEUX-ENSEMBLE,1
DIABLE,1
DIALECTE.D,1
DIFFERENT.OPPOSER,1
DIFICILE,1
DIMENSION,1
DIPLOMATIQUE,1
DIPLOME.SIGNER,1
DIVISION.FRACTION,1
DOLLAR,1
DOLLARD.S,1
DOLLARS.S,1
DONNE,1
DPBUOY:DEPART CIRCUIT BUGGY EN 8,1
DPBUOY:LIEU,1
DPBUOY:LIGNE-PLATE,1
DROGUE,1
DS BEAUCOUP OISEAUX REGARDER,1
DS.POSTURE CORPS,1
DSH:CISEAUX-TOUCHER,1
DSH:CLAVIER-CLICK,1
DSH:ECOUTER,1
DSH:FACHE,1
DSH:FACHER,1
DSH:LEVER,1
DSH:OUVRIR-PAQUET,1
DSH:PAQUET-MANTEAU,1
DSH:PRENDRE-CIGARETTE,1
DSH:RESPIRATION-FORTE,1
DSL:ROND-GATEAU,1
DSM: PERSONNES-QUATRE,1
DSM:COURSE-KART,1
DSM:MARCHER-BOITER,1
DSM:PERSONNE,1
DSM:PERSONNE-QUATRE,1
DSM:SAUTER-PERSONNE,1
DSM:TOMBER-PERSONNE,1
DSS:,1
DSS: LARGUER-GSM,1
DSS:CISEAUX-BOUT-ROND,1
DSS:CISEAUX-ROND-CROCHET,1
DSS:CLAVIER-CLICK,1
DSS:PECTORAUX-MUSCLER,1
DSS:PETIT,1
DSS:PUBLICITE-GRANDE,1
DSS:TACHE,1
DSTRANSPIRER CORPS),1
DUREE-TEMPS,1
E,1
E-MAIL.C,1
ECARTER.ENLEVER,1
ECOUTER.ENTENDANT-2H,1
ECOUTER.ENTENDANT-C,1
EGAL.BAS,1
EGAL.EQUILIBRE-MOINS,1
EGOISTE.RIEN,1
ELECTRICITE.FROMAGE,1
ELEPHANT,1
ELEVER,1
ELEVES,1
EMAIL,1
EMBETER,1
EMPATHIE,1
EMPATHIE.BONNET,1
EMPLACEMEN T,1
EN-FACE.1,1
ENDORMIR.FERMER,1
ENDROIT-L,1
ENFIN.DEPASSER,1
ENFUIR,1
ENNEMI-PISTOLET,1
ENREGISTRER.S3,1
ENTENDAN,1
ENTENDANT`,1
ENTENDRE.DIMINUER,1
ENTRE-PT:PRO4,1
ENTRENAIMENT,1
ENTRER.DIRECTION,1
ENVOYER.COPIE,1
ENVOYER.MESSAGE,1
EPAIS,1
EPAULE,1
EPINARD,1
EPINGLE,1
ESCARGOT,1
ESSAYER.VISAGE,1
ESSUIE,1
ESSUIES-GLACES,1
ETATGE,1
ETC.PLUSIEURS,1
ETEINDRE-LAMPE,1
ETIQUETTE,1
ETIQUETTE.FRONT,1
ETIRER,1
ETUDIANT,1
ETUDIER.PERROQUET,1
ETUDIER.SALUT,1
EURO;INVERSE,1
EVALUATION,1
EVALUATION-PERSONNE,1
EVALUATION.MACHINE,1
EVIDENT.I,1
EVVENEMENT,1
EX,1
EXCLUSION.ATTITUDE,1
EXERCICE,1
F2,1
F3,1
FACEBOOK,1
FACEBOOK.LIVRE,1
FACHE,1
FACHER.CONTRE,1
FARINE.ECRASER,1
FBUOT:TROIS,1
FBUOY.ENDROIT,1
FBUOY.HABITER,1
FBUOY: C-EST-CA,1
FBUOY: FOUR,1
FBUOY: GSM,1
FBUOY: OBSTACLE,1
FBUOY: TROIS,1
FBUOY: UN,1
FBUOY:2,1
FBUOY:3E,1
FBUOY:AVANT.METRE,1
FBUOY:BUOY,1
FBUOY:CAREFFOUR,1
FBUOY:CHIEN,1
FBUOY:CLASSE,1
FBUOY:CODA,1
FBUOY:COIFFEUR,1
FBUOY:DESSOUS,1
FBUOY:DET,1
FBUOY:DONNER,1
FBUOY:DS-ARBRE,1
FBUOY:ECRIRE,1
FBUOY:ENTENDANT,1
FBUOY:EQUIPE-REJOINDRE,1
FBUOY:FRAISE,1
FBUOY:FRIGO,1
FBUOY:GSM,1
FBUOY:LIVRE,1
FBUOY:MARCHER,1
FBUOY:MOT,1
FBUOY:NEZ,1
FBUOY:PAIN,1
FBUOY:PANNE,1
FBUOY:PAYS,1
FBUOY:PERSONNE,1
FBUOY:PLAN,1
FBUOY:POT,1
FBUOY:PRO3,1
FBUOY:PT:DET,1
FBUOY:PT:PRO1,1
FBUOY:QAUTRE,1
FBUOY:SEPT,1
FBUOY:SOURIRE,1
FBUOY:TETE-HOMME,1
FBUOY:TROIS-UN,1
FBUOY:UN-PART,1
FBUOY:VOITURE,1
FBUOY:VOLUME-BOL,1
FBUOY:ZERO,1
FBUOYS: TROIS,1
FBYOU:BRIQUE,1
FEDERATION,1
FEDERATION.AFFILIER,1
FEMINISTE,1
FENETRE.2.ARMOIRE,1
FENETRE.BALCON,1
FENETRE.SERPENT,1
FERMER.PORTE,1
FERMER.SOMBRE,1
FERMERT,1
FEUILLE,1
FICHIER,1
FIDELE,1
FILMER.TOURNER,1
FINI,1
FISGN,1
FLECHE.CUPIDON,1
FN: LA,1
FOIRE,1
FOND.UNI,1
FORMATER-F,1
FORT.BRAS,1
FOULE,1
FOUR-1H,1
FRANCHE,1
FRANCHEMENT,1
FRANCOIS-HOLLANDE,1
FRIGO.COFFRE,1
FS: A LA,1
FS: ADELA,1
FS: APS,1
FS: EBENISTE,1
FS:02,1
FS:1000,1
"FS:A,B,C,D,E",1
FS:A...H,1
FS:ACEM,1
FS:ACTIRIS,1
FS:ADEA,1
FS:AHN,1
FS:AIRELLE,1
FS:AN,1
FS:ANIS,1
FS:ASBL,1
FS:ASY,1
FS:AVRIL,1
FS:AWA,1
FS:AWIPH,1
FS:AX,1
FS:AXA,1
FS:BANCOTAC,1
FS:BANDIT,1
FS:BANGO,1
FS:BARTZ,1
FS:BATEN,1
FS:BENED...,1
FS:BERGE,1
FS:BERTON,1
FS:BETON,1
FS:BETRND,1
FS:BEY,1
FS:BINGO,1
FS:BLE,1
FS:BNGO,1
FS:BNPPP,1
FS:BO,1
FS:BODY,1
FS:BONU,1
FS:BORDEL,1
FS:BP,1
FS:BRASI,1
FS:BREDENE,1
FS:BRETON,1
FS:BROTHER,1
FS:BRUNO,1
FS:BUS,1
FS:CA,1
FS:CAMFROG,1
FS:CAP,1
FS:CAPACITE,1
FS:CAPUCINE,1
FS:CARTEMERE,1
FS:CBCOBA,1
FS:CE,1
FS:CEB,1
FS:CELIER,1
FS:CET,1
FS:CETTE,1
FS:CG,1
FS:CIB,1
FS:CJ,1
FS:CLERC,1
FS:CLINIQUE,1
FS:CLS,1
FS:CML,1
FS:CO,1
FS:COCA,1
FS:COCOCELE,1
FS:COCOF,1
FS:CODA,1
FS:COMA,1
FS:COMP,1
FS:CONFERENCE,1
FS:COOL,1
FS:COPA,1
FS:CORNION,1
FS:COULUMBO,1
FS:COZUMEL,1
FS:CPA,1
FS:CROSSFI,1
FS:CS,1
FS:CSSM,1
FS:CV,1
FS:CYBOY,1
FS:DAD,1
FS:DALLE,1
FS:DANI,1
FS:DANITZA,1
FS:DC,1
FS:DDR3,1
FS:DEB,1
FS:DELAPORTE,1
FS:DICDE,1
FS:DICDTEE,1
FS:DICLE,1
FS:DL,1
FS:DNEPR,1
FS:DO,1
FS:DP,1
FS:DROIT,1
FS:DRU,1
FS:DS,1
FS:EBENE,1
FS:EBENS,1
FS:ECOS,1
FS:EMERALDA,1
FS:EMMA,1
FS:EN,1
FS:ENSEINE,1
FS:EU,1
FS:EURO,1
FS:EXCLUSION,1
FS:EXP,1
FS:EXPLA,1
FS:FA,1
FS:FACEBOOK,1
FS:FACNC,1
FS:FCO,1
FS:FFFRAN,1
FS:FFS,1
FS:FIT,1
FS:FITNESS,1
FS:FK,1
FS:FLEUR,1
FS:FLS,1
FS:FO,1
FS:FOM,1
FS:FOOTBALL,1
FS:FOREM,1
FS:FRAISIER,1
FS:FRASIER,1
FS:FRAT,1
FS:FS,1
FS:FST,1
FS:GAETAN,1
FS:GAUTHIER,1
FS:GONDOLE,1
FS:GRADUT,1
FS:GREEP,1
FS:GT,1
FS:HALL,1
FS:HENRY,1
FS:HIBOU,1
FS:HOUSY,1
FS:HR,1
FS:IDA,1
FS:IER,1
FS:IFN,1
FS:ILADAS,1
FS:ILLITREAU,1
FS:INCLUSION,1
FS:INTEGRATIOION,1
FS:IPAD,1
FS:IRIS,1
FS:JASPAR,1
FS:JCO,1
FS:JE,1
FS:JEAN CLANDE,1
FS:JLIE,1
FS:JM,1
FS:JONATHAN,1
FS:JOSIANE,1
FS:JULIE,1
FS:JULIETT,1
FS:K,1
FS:KETTLEBELL,1
FS:KI,1
FS:KITESURF,1
FS:KUTAJA,1
FS:KUTJA,1
FS:LAETITIA,1
FS:LAURA,1
FS:LEROI,1
FS:LESFB,1
FS:LEUROI,1
FS:LFM,1
FS:LI,1
FS:LIB,1
FS:LILLE,1
FS:LIVE,1
FS:LMAIBE,1
FS:LOBE,1
FS:LOBY,1
FS:LOO,1
FS:LORENZO,1
FS:LORRAIN,1
FS:LOT,1
FS:LPC,1
FS:LS,1
FS:LSB,1
FS:LUI,1
FS:LUK,1
FS:LVALVA,1
FS:LYDIE,1
FS:MA,1
FS:MAC,1
FS:MAG,1
FS:MAGAZI,1
FS:MAGZINE,1
FS:MAIZENA,1
FS:MAK,1
FS:MANDE,1
FS:MAO,1
FS:MARATHON,1
FS:MARIE,1
FS:MARISA,1
FS:MARITE,1
FS:MARLBO,1
FS:MATERNAL,1
FS:MAURICE,1
FS:MEDIA,1
FS:MEYSMANS,1
FS:MIS,1
FS:MM,1
FS:MMAZIGNE,1
FS:MODELE,1
FS:MSACH,1
FS:MURIELE,1
FS:MUTE,1
FS:NMG,1
FS:NOI,1
FS:NOK,1
FS:NOKIA,1
FS:NOM,1
FS:NON,1
FS:NORMANDIE,1
FS:NOX,1
FS:OBANCONTAC,1
FS:OCMW,1
FS:OIGNON,1
FS:ONDE,1
FS:ONSVAH,1
FS:OPTIQUE,1
FS:OUAL,1
FS:OVOO,1
FS:PABLO,1
FS:PAPA,1
FS:PARC,1
FS:PB,1
FS:PELICAN,1
FS:PIDGIN,1
FS:PIERE,1
FS:PIXAR,1
FS:PMA,1
FS:PME,1
FS:POKER,1
FS:POMMETTES,1
FS:POP,1
FS:POWERKITE,1
FS:PPK,1
FS:PRPR,1
FS:PS,1
FS:PSE,1
FS:Q,1
FS:QUICH,1
FS:QUIZZ,1
FS:RA,1
FS:RACONTER,1
FS:RADADO,1
FS:RAI,1
FS:RAIS,1
FS:RAVIOLI,1
FS:RD,1
FS:RECOD,1
FS:ROMEO,1
FS:RTBLF,1
FS:RTL,1
FS:RUE-TAVELLE,1
FS:SABAYON,1
FS:SANDRINE,1
FS:SAP,1
FS:SBG,1
FS:SCRAPBOOKING,1
FS:SGEGRGATION,1
FS:SIMON,1
FS:SITE,1
FS:SL,1
FS:SMOLS,1
FS:SOMME,1
FS:SSMS,1
FS:SSPINE,1
FS:STANDAD,1
FS:STRESS,1
FS:SU,1
FS:SYRIE,1
FS:TABTABAC),1
FS:TAXE,1
FS:TAXI,1
FS:TEC,1
FS:THAILANDE,1
FS:THIERRYTY),1
FS:TON,1
FS:TRAMPOLINE,1
FS:TTE,1
FS:TUNIS,1
FS:TUNTUNIS),1
FS:TUTOR,1
FS:UR,1
FS:VA,1
FS:VALER,1
FS:VAN,1
FS:VCA,1
FS:VDM,1
FS:VE,1
FS:VEERRUE,1
FS:VEGETA,1
FS:VENIS,1
FS:VITAMIMES,1
FS:VNISE,1
FS:VNSE,1
FS:VNVERONE,1
FS:VOBIS,1
FS:VOULOIR,1
FS:VRT,1
FS:VS,1
FS:VSA,1
FS:WAWPIH,1
FS:WG,1
FS:WOD,1
FS:ZOOM,1
FSI:CFLS,1
FSIGN:BLAGUE.P,1
FSIGN:COMBATTRE,1
FSIGN:COMMENT,1
FSIGN:CONTINUER,1
FSIGN:ENIVRONEMENT,1
FSIGN:MANDE,1
FSIGN:MASQUE,1
FSIGN:MONTRER,1
FSIGN:PHRASE,1
FSIGN:QUOI,1
FSIGN:SOUMIS,1
FXD:100,1
FXD:60.2,1
FXD:ABANDONNER,1
FXD:ACCESSIBILITE,1
FXD:ALLER,1
FXD:AMI,1
FXD:APPLAUDIR.ENTENDANT,1
FXD:APRES,1
FXD:AUJOURD-HUI,1
FXD:AUSSI,1
FXD:BEAUCOUP.F,1
FXD:BOIRE,1
FXD:C,1
FXD:CHOMAGE,1
FXD:COUDRE,1
FXD:COURT,1
FXD:DEMISSIONNER,1
FXD:DESSERT,1
FXD:DIEU,1
FXD:DIRE,1
FXD:ENTENDANT,1
FXD:EVOLUTION,1
FXD:FARINE,1
FXD:FIL,1
FXD:GLACE.ATTENDRE,1
FXD:IMPOSSIBLE,1
FXD:JAMAIS,1
FXD:JOURNAL,1
FXD:LIEN,1
FXD:MUSIQUE,1
FXD:NS:?,1
FXD:OEUF,1
FXD:PECHE.SOURIRE,1
FXD:PNEU.ROUE,1
FXD:POMME,1
FXD:PRENDRE,1
FXD:REPONDRE,1
FXD:SAUCE,1
FXD:STUPIDE,1
FXD:TEMPS,1
FXD:TOMBER.FEUILLE,1
FXD:VERT,1
GAMIN.F,1
GARCON.FRERE,1
GARDIEN,1
GAUCHE ARAIGNEE,1
GAUFRE.HORAIRE,1
GEOGRAPHIE,1
GESIGN,1
GIRAFE,1
GLISSER.DS,1
GOMME,1
GONFLER,1
GOURMAND,1
GRAND-PERE.8.HAUTEUR,1
GRAND.HAUTEURA),1
GRANDIR.HAUTEUR,1
GRATUIT.,1
GRELE.ORAGE,1
GRENOUILLE,1
GRIPPE,1
GRONDER,1
GROTTE.2M,1
GSIGN:LS,1
HABITUDE.LAMPE,1
HACHE.COUPE,1
HALEINE,1
HAMBURGER.MANGER,1
HANDICAP.MAIN,1
HARICOT,1
HARICOT.F,1
HASARD,1
HESITE,1
HETERO,1
HEURE-11,1
HEURE-2.MONTRE-CERCLE,1
HEURE-24,1
HEURE-4.CERCLE,1
HEURE-6,1
HEURE.AIGUILLE,1
HIBOU.BEC,1
HISTOIRE.ECOUTER,1
HOME.H,1
HOMME.H,1
HORLOGE,1
HORMONES,1
HUILE.2,1
HUMAIN.H,1
HUMEUR.TORSE,1
HURLER,1
HYPERACTIVITE,1
I,1
I??,1
ILE,1
IMAGE-CASSER,1
IMAGINER-NUAGE,1
IMARCHER,1
IMARCHER.PIED,1
IMILIEU,1
IMPLANT.DONNER,1
IMPORTE-QUOI,1
INCROYABLE,1
INGENIEUR,1
INSTITUT,1
INSTITUTRICE,1
INTERESSANT.NEZ,1
INTERGRATION,1
INTERGRATION.DEPLACER,1
INTERIM.INTERET,1
INTERIM.UCCLE,1
INTERNAT.PENSION,1
INTERNATIONAL.Y,1
INTERNATIONALINTERNET,1
INTERRUPTEUR,1
INVERSER.VERTICAL,1
INVESTIMENT,1
INVITE,1
IPOD,1
IPT:PRO1,1
J-ESPERE,1
JAMBE.BOITE,1
JAMBE.J,1
JAMBES,1
JAMBES.CROISER,1
JAMBON,1
JARDINER,1
JMS,1
JOUR.B,1
JOURNAL.ILY,1
JOURNEE,1
JUPE,1
JURER.PROMIS,1
JUSQUE-LONG,1
JUSTET,1
KARTING,1
KM.HEURE,1
L-BUOY:CINQ,1
L-BUOY:QUATRE,1
LABORATOIRE,1
LAISSE,1
LAISSER PALM-UP,1
LAISSER.5,1
LAVER-CHEVEUX,1
LBYOU:1,1
LESBIENNE.OREILLE,1
LEVER-DOIGT,1
LICENCE,1
LIRE.REGARER,1
LOTTO,1
LOUP,1
LS-BLOQUER,1
LS.EXPRIMER,1
LST,1
LSUKRAINE,1
LUGE,1
MACHINE-A-LAVER,1
MADAME.DOUBLE-MENTON,1
MADAME.MARAINE,1
MADELEINE,1
MAFIA,1
MAGASIN.VENDRET,1
MAGAZINE,1
MAI,1
MAIGRIR.FIL,1
MAINTENANY,1
MAL.GORGE,1
MALENTENDU,1
MALHEURUX,1
MAMAN`,1
MANGER.5,1
MANGER.CUILLER,1
MANIERE,1
MAQUILLER,1
MARCHER-DROIT,1
MARRAINE,1
MARRE.BEAUCOUP.F,1
MARTEAU,1
MASACRA,1
MASQUE.OXYGENE,1
MAYONNAISE,1
MAÏS,1
MECANIQUE,1
MEDICAMENT.CAFE,1
MEFIER,1
MEME.Y-1H,1
MEMOIRE-VIVE,1
MENTALE,1
MESURERT,1
METRE-CARRE,1
METRE-CUBE,1
METTRE:NOURRIRE,1
MIDI-APRES,1
MIEL,1
MILIMETRE,1
MILLIARD,1
MINI-FOOT,1
MINUIT.DOUZE,1
MIXEUR,1
ML,1
MOINS.L,1
MOIS-10,1
MOIS-4,1
MOIS-5,1
MOIS-8,1
MOKA,1
MORCEAUX.QUARTIER,1
MORT.TOURNER,1
MOULLIE,1
MOUSTACHE,1
MOUSTACHE.BARBE,1
MOYEN.FRITE,1
MUSEE,1
MUTUTELLE,1
NAITRE.ACCOUCHER,1
NATIONALITE,1
NEGATIF,1
NEIGE.BOUILLARD,1
NERF,1
NEUF,1
NEUVEU,1
NEZ.CLON,1
NEZ.SANG,1
NIVEAU.BRAS,1
NIVEAU.HAUT-BAS,1
NIVEAU.VIDE,1
NOIX,1
NON.STOP,1
NORMAL-2H,1
NORMAL..VANILLE,1
NORME,1
NOTRE,1
NOVEMBRE,1
NOVEMRE.SCANNER,1
NS,1
NS :DANITZA,1
NS ANS,1
NS INES,1
NS PAUL,1
NS: ?,1
NS:135,1
NS:136,1
NS:56,1
NS:58,1
NS:91?,1
NS:93?,1
NS:ADELINE,1
NS:ALBANIE,1
NS:ALICIA,1
NS:AMANDINE,1
NS:ANNE-MARIE,1
NS:ANVERST,1
NS:APEDAF,1
NS:AUSTRALIA,1
NS:BASTIEN,1
NS:BENETTON,1
NS:BERLIN,1
NS:BERTON,1
NS:BMW,1
NS:BREDENE,1
NS:BRUGE,1
NS:CALLEBAU,1
NS:CAMFROG,1
NS:CAROLINE,1
NS:CHIRAC,1
NS:CITROENTRIANGLE),1
NS:CLAUDE,1
NS:CORA,1
NS:DANIELE,1
NS:DEAF-HOOD,1
NS:DELAPORTE,1
NS:DENIS,1
NS:DFCE,1
NS:DISNEY,1
NS:DROGENBOS,1
NS:EINSTEIN,1
NS:EUPEN,1
NS:EVELYNE,1
NS:FFSB,1
NS:FLASH5,1
NS:FRANCIS,1
NS:FRANCOISE,1
NS:GB,1
NS:GILLES-BINCHE,1
NS:GOOGLE,1
NS:GRUM,1
NS:HASANE,1
NS:HASSELT,1
NS:HIMBERCHT,1
NS:INFO-SOURD,1
NS:JEAN-PÏERRE,1
NS:JEMAPPE,1
NS:JOHAN,1
NS:KAP-SIGNES,1
NS:KATHERINA,1
NS:KEVIN,1
NS:LAURENT-CLERC,1
NS:LIBRAMONT,1
NS:LONDRES,1
NS:LORRAINE,1
NS:LOUVAIN-LA-NEUVE,1
NS:LYDIE,1
NS:MASO,1
NS:MCDONALD,1
NS:MEXIQUE,1
NS:MILORAD,1
NS:MITTERAND,1
NS:NAOMI,1
NS:NATHALIETRAVAILLE-C),1
NS:NEPAL,1
NS:NICOLE,1
NS:NORMANDIE,1
NS:NS:INFO-SOURD,1
NS:NS:LAURENT-CLERC,1
NS:NS:WALLON,1
NS:ONSVAL,1
NS:PATRICK,1
NS:PHILIPPINES,1
NS:ROME,1
NS:SAINT-PIERRE,1
NS:SAINT-TROND,1
NS:SALVIA,1
NS:SAMNAN,1
NS:SISB,1
NS:SYLVIE,1
NS:THIERRYT-AVION),1
NS:TUNISIE,1
NS:W,1
NS:WILLARD,1
NS:XAVIER,1
NS:YVAN,1
NUAGE.EPONGE,1
OBLIGE,1
OCASSION,1
OCTOBRE.HALLOWEEN,1
ODEUR.MER,1
OEIL,1
OIGNON.PLEURER,1
OLYMIQUE,1
OMBRE.ECOLO,1
ONDE,1
ONDE.3,1
OPERER.3COUTEAU,1
OR,1
OREILLE.CARRE,1
OS,1
"OUI, OUI...",1
OUVRIR.8,1
OUVRIR.FENETRET,1
OUVRIR.VALISE,1
OVAIRES,1
OZONE,1
PAGES,1
PAILLE.FONDRE,1
PALM-UP PALM-UP,1
PALM-UP-1H,1
PALM-UP-1J,1
PARALYSIE,1
PARAMETRE LS,1
PARCE,1
PARESSEUX.UCCLE,1
PARFAIT.ITALIEN,1
PARTIR.ELIMINER,1
PATTE,1
PAYSSAGE,1
PBUOY:DATE-ANNEES-QUATRE-VINGT,1
PBUOY:DATE-EVALUATION,1
PBUOY:DATE-VOIR,1
PBUOY:MILIEU INTERNATIONAL SIGN,1
PEACE,1
PECHE.SOURIRE,1
PENIS,1
PENSER.TETE,1
PENSION.ROI,1
PERSONNE-COU,1
PERSONNES,1
PETER,1
PETER.EFFACER,1
PETIT-POIS,1
PEUR.PAS,1
PEUR.SOIF,1
PHILOSOPHIE.FLEUR,1
PHOTO.LOUP,1
PHOTO.LUNETTES,1
PIECE.ZERO,1
PIED.CLICK,1
PIERRE.DUR,1
PIQUE-CARTE,1
PIQURE.PRENDRE,1
PISCINE.RECTANGLE,1
PISTACHE,1
PISTOLET,1
PLACE,1
PLACE.P,1
PLAFONNAGE.Y,1
PLATRE,1
PLEIN.PLUSIEURS,1
PLEIN.SENS,1
PLEURER.BEAUCOUP,1
PLONGEE,1
PLUME,1
PLUMES,1
POIL.AISSELLE,1
POIL.AISSIELLE,1
POINT.L,1
POIREAU,1
POKER,1
POMPIER.CASQUE,1
POMPIERT,1
PONT.CONTRAIRE,1
PORC,1
PORTEFEUILLE,1
POT-ECHAPPEMENT,1
POUCE-TAILLE,1
POULE.PICOTER,1
POUPEE,1
POURCENT-100,1
POURT,1
POUVOIR-PERMIS,1
PREMIERE-NEG,1
PRENDRE.BEAUCOUP,1
PRESENT.PALM,1
PRETRE,1
PRETRE.CROIX,1
PRIMAIRE.P,1
PRINCE,1
PRINCIPAL,1
PRINTEMPS,1
PRISE-SANG,1
PRISET,1
PRODUIT,1
PRODUIT.COMBIEN,1
PROFITE,1
PROFITER.AIMER,1
PROJET,1
PROPRE.POLI,1
PROPRE.RESPECTER,1
PROUD,1
PSYCHIATRIE,1
PT DET,1
PT-BUOY:DEUX,1
PT-BUOY:TROIS,1
PT-LBYUO,1
PT.POSS3,1
PTBUOT:LIEU-DEPART,1
PTBUOY:FERME,1
PTBUOY:LS,1
PUR,1
PUR.PI,1
PUREE,1
PYJAMA,1
PYRAMIDE,1
QUALITE?,1
QUAND MÊME !,1
QUE.CROISER,1
QUE.EAU,1
QUE.METRO,1
QUE.QUAND,1
QUITTER.GROUPE,1
RACONTE,1
RAIL,1
RAISIN.CORPUS,1
RALLYE,1
RAMPER,1
RAPPELER.FIXE,1
RAPPELER.R5,1
RATER.NEZ,1
REFROIDIR,1
REGARDER-2H,1
REGARDER-U),1
REGARDER.CHERCHER,1
REGARDER1-H,1
REGRETTER.FABRIQUER,1
RELAX.,1
RENOVE,1
RENOVERT,1
RENOVET,1
REPARER.CHEZ,1
REPETER.ROUE,1
REQUIN,1
RESEAU,1
RESPONSABLE,1
RETOUR.RENTRER,1
RHUBARBE,1
RIZ.R,1
ROBINET,1
ROCHER.R,1
ROLE.REGLER,1
ROMANTIQUE,1
ROSE,1
ROSE-NEZ,1
RUSSIE,1
S-IL-VOUS-PLAIT.Y,1
SACOCHE,1
SAISON,1
SALUT.TETE,1
SANDWICH,1
SANS-FRONTIERE,1
SAVEUR,1
SCENARIO,1
SCIER,1
SECONDE9,1
SECRETAIRE,1
SEMAINE.JOURNAL,1
SENTIMENT-NEG,1
SEPTCENT,1
SEPTEMBRE.1,1
SEPTEMBRE.GT,1
SERIE,1
SERVEUR,1
SERVIETTE,1
SEX,1
SEXY,1
SHORT,1
SI.Y,1
SIFFLER.APPAREIL,1
SIGNAIRE.V,1
SILENCE.CHAMPION,1
SINGET,1
SMS,1
SOIF,1
SOLEIL-LEVER,1
SOLEIL.LEVER,1
SON,1
SONNER-ALARME,1
SOUFFLER.ALCOOL,1
SOUP,1
SOURDS,1
SOURIRE.L,1
SOURIRE.LEVRES,1
SOUS,1
SPAGHETTI,1
SPERME,1
STABLE-NEG,1
STADE,1
STRING,1
STUCTURE,1
SUBMERGE,1
SUR.DESSUS-1H,1
SURTOUT,1
SUSBIDE,1
SYMPATHIQUE.S,1
TACLER,1
TALENT,1
TAPER.FAILLITE,1
TAPER.MAIN,1
TARD.PROCHAINE,1
TARTINE,1
TAUREAU,1
TAXI.EMISSION,1
TAXI.EPELER,1
TAXI.EPLER,1
TBOUYS: SOURD,1
TBUOY,1
TBUOY:CISEAUX,1
TBUOY:LS,1
TBUOY:MOT,1
TBUOY:SIGNAIRE,1
TBUOY:UF,1
TECHNIQUE.2,1
TEINTE,1
TELEVISION.RADIO,1
TEMPS-PASSE,1
TERRE.EXPLIQUER,1
TETE.FROID,1
TETE.HOCHER,1
THEORIQUE,1
TIROIR,1
TOMBER.FEUILLE,1
TOURISME,1
TOURNER.PAGE5,1
TOUS-MATIN,1
TOUSSER,1
TOXIQUE,1
TRANSFERT.LS,1
TRANSFERT.PERSONNEL,1
TRAVAILLER,1
TRAVAUX.RECHCERCHE,1
TRAVERS,1
TRICHER.VOYOU,1
TROIS-DEUX,1
TROTTINETTE,1
TUBA,1
TUTEUR,1
TVA,1
UNDECIPHERABLE,1
UNE,1
UNIE,1
UTERUS.COIN,1
VA-T-EN,1
VACCIN,1
VENGEANCE.V,1
VENIR.RECENT,1
VERNIS-ONGLE,1
VERSION,1
VETEMENT.F,1
VIBRATEUR.CORP,1
VICE.SOUS,1
VIDE???,1
VIE_1H,1
VING-MILLIONS,1
VIOLENCE.VOYAGER,1
VIOLON,1
VIREMENT,1
VIREMENT.V,1
VITAMINE-V,1
VITESSE,1
VIVRE,1
VOILA-,1
VOILE,1
VOIR.CHEVAL,1
VOIR.LOIN,1
VOITURE.V,1
VOIX.CLEF,1
VOLLEY,1
VOULOIR.ANGLAIS,1
VRAIMENT,1
VULGAIRE,1
WHISKY,1
YEUX.C,1
YEUX.FERMES,1
YEUX.ORAL,1
YOUTUBE,1
ZAPPER,1
ZOOM.OBJECTIF,1
