sign,class
AUSSI,0
LS,1
OUI,2
AVOIR,3
SOURD,4
QUOI,5
MAIS,6
NON,7
PLUS.P,8
REGARDER,9
FALLOIR,10
DIRE,11
C-EST,12
RIEN,13
AVANT,14
ENTENDANT,15
1,16
DIFFERENT,17
BIEN,18
FINIR,19
VOIR,20
AUJOURD-HUI,21
DANS,22
COMPRENDRE,23
APRES,24
COMMENT,25
TOUJOURS,26
VRAI,27
SI,28
DONNER,29
POUR,30
PENSER,31
PERSONNE,32
POURQUOI,33
PARCE-QUE,34
FORT,35
2,36
POSSIBLE,37
ALLER,38
EXEMPLE,39
AVANCER,40
JUSTE.F,41
APPELER,42
AGE,43
EQUIPE,44
JAMAIS,45
ECOLE,46
PARLER,47
MIEUX,48
ENVIE,49
SAVOIR,50
ENFANT,51
PLUS,52
LAISSER,53
ENVIRON,54
CA-VEUT-DIRE,55
TRAVAIL.ACTIF,56
OU.OU,57
DE:WOW,58
ENCORE,59
PAPA,60
INTERPRETE,61
BIEN.PAPIER,62
ECRIRE,63
GRAND.HAUTEUR,64
C-EST-TOUT,65
MAMAN,66
ATTENDRE.STOP,67
RENCONTRER,68
PARENTS,69
PEU.BILLE,70
PAS,71
IMPOSSIBLE,72
PRENDRE,73
PAS.MENTON,74
AVEC,75
POUVOIR.P,76
TITRE,77
COMMUNICATION,78
LA,79
VITE,80
CONNAITRE,81
1E,82
SENTIMENT,83
NOM,84
PETIT,85
DEPEND,86
JUSQUE,87
SENTIR,88
APPARAITRE,89
BEAUCOUP.F,90
ENDROIT,91
FILLE,92
MAISON,93
BEAUCOUP,94
COMMENCER,95
MOT,96
BELLE,97
TOUT,98
HABITUDE,99
RIEN.MAGIE,100
MANGER,101
NOUVEAU.FLASH,102
REJOINDRE,103
3,104
ARGENT,105
OUBLIER,106
FEMME,107
LIEN,108
VOILA,109
OK,110
ORAL,111
APPRENDRE.ENSEIGNER,112
MOINS,113
SUR.DESSUS,114
ECHANGER,115
IMPORTANT,116
SOURD.2,117
AIMER,118
PREFERER,119
ADAPTER,120
REPONDRE,121
SEULE,122
CHERCHER,123
JEUNES,124
NON.N,125
OU-LIEU,126
APPRENDRE,127
FSIGN,128
AMI,129
PARTIR,130
ENTRER,131
AIDER,132
ADORER,133
DEJA,134
TRAVAIL,135
PROBLEME,136
SUIVRE,137
VENIR,138
VOITURE,139
PEU.PETIT,140
AGREABLE,141
DIFFICILE,142
MARIAGE,143
HUMAIN,144
FUTUR,145
NS:BELGIQUE,146
VIE,147
EXPRIMER,148
REMARQUER,149
AUCUN,150
AUTRE,151
HOMME,152
MEME.Y,153
ARBRE,154
CULTURE,155
FAIRE,156
ACCORD,157
FRANCAIS,158
IMPLANT,159
IMPOSSIBLE.MENTON,160
FOIS,161
EXPRESSION-FACIALE,162
FAMILLE,163
NS:FRANCE,164
AJOUTER,165
FACILE,166
JUSTE,167
MAUVAIS,168
CHANCE,169
4,170
INFORMER,171
DEMANDER,172
EXPLIQUER,173
MARCHER.PIED,174
TERRIBLE,175
PERSONNE.MOI,176
RESTER,177
L-AIR,178
RICHE,179
RAPPELER.R,180
ROUGE,181
VOULOIR,182
MONTRER,183
PEUT-ETRE,184
RETOUR,185
EAU,186
IMAGE,187
SAVOIR-NEG,188
SIMPLE,189
BESOIN,190
ACHETER,191
DIVERS,192
2E,193
AVANT.METRE,194
DISPARAITRE,195
NS:LIEGE,196
TROUVER,197
CHANGER.DEVENIR,198
LIBRE,199
OU,200
PROFESSEUR.W,201
ESSAYER,202
FOYER,203
SUR,204
ATTENTION.1,205
INFLUENCE,206
CONVENIR,207
COURT,208
ENERVER.STRESS,209
MOI-MEME,210
C-EST-CA,211
REFLECHIR,212
TERMINER,213
PARTIR.B,214
SAVOIR-PAS.STOP,215
TANT-PIS,216
FACHER,217
NATURE,218
QUI,219
DIFFUSER,220
LANGUE.L,221
CORPS,222
GARCON,223
FACILE.10,224
INTERESSANT,225
PATIENCE,226
DATE,227
NS:FLAMAND,228
BON,229
QUAND.1,230
VISAGE,231
SILENCE,232
TROMPER,233
DUR,234
CONTENT,235
LIVRE,236
DIMINUER,237
MINISTRE,238
CLAIR.5,239
HISTOIRE,240
JOUER,241
5,242
ARRIVER,243
AUTRE.DIFFERENT,244
AUTREFOIS,245
DORMIR,246
MONSIEUR,247
NOIR,248
MANQUER,249
CAMERA,250
DESSINER,251
GRAND.LARGEUR,252
HEURE,253
SOUVENIR,254
VERT,255
VOIX,256
DISCUTER,257
FAMILLE.COEUR,258
INTERDIRE,259
NS:BRUXELLES,260
PEU,261
DEPUIS.LONGTEMPS,262
PLUSIEURS,263
OBJECTIF,264
SEPARER,265
GENERATION,266
RIRE,267
CARRE,268
COUPER,269
ENGAGER,270
FRERE,271
REGARDER.1,272
CHIEN,273
ICI,274
JOUR,275
A-COTE,276
ABANDONNER,277
COPIER,278
MARCHER,279
CHAUD,280
CLAIR,281
QUODITIEN,282
SOEUR,283
ETONNER.COEUR,284
MONDE,285
PAYER,286
ASSIGNER,287
CALME,288
DOUCEMENT,289
MELANGER,290
PRECISER,291
ATTENDRE,292
EVOLUTION,293
DIRECT,294
POUR-CA,295
QUESTION,296
RECOMMENCER,297
SOUS-TITRES,298
BOIRE,299
COMME-CA,300
INVENTER,301
TRISTE,302
ANNEE,303
CHANGER.DEVENIRT,304
CHOISIR,305
LONG,306
MERCI,307
CARACTERE,308
CHEF,309
COMPARER,310
JETER,311
REUSSIR,312
ACCEPTER.2M,313
FUMER,314
LIRE,315
LOIN,316
ORIGINE,317
PERDRE,318
AN,319
RUE,320
SAUTER,321
TOMBER,322
TRAIN,323
10,324
COMBIEN,325
CROIRE,326
GARDER,327
GRENOUILLE.SAUTER,328
OISEAU,329
COMIQUE,330
ENSEMBLE,331
FORMATION,332
IDEE,333
NIVEAU.HAUT,334
SORTIR,335
CHIEN.QUEUE,336
FAIRE.MASTER,337
PHOTO,338
POUVOIR.PERMIS,339
VETEMENT,340
VISUELLE,341
APPAREIL.AUDITIF,342
ASSOCIATION,343
DEMENAGER,344
DESOLE,345
MOITIE,346
OBLIGER.DEVOIR,347
QUAND-MEME,348
ALORS,349
AVEC.A,350
BOIS,351
EVIDENT,352
FILS,353
HESITER,354
RESTE,355
BAVARDE.NOUVELLE,356
CAPTER,357
COUPLE,358
DE:AH,359
INCAPABLE,360
NS:IRSA,361
POSITIVE,362
AIMER-NEG,363
DEPLACER,364
ENTENDRE,365
NS:WOLUWE,366
PASSER.APRES,367
20,368
AGRANDIR,369
ASSEZ-NEG,370
GENERAL,371
SOCIALE,372
BESOIN.AIMER,373
EURO,374
LISTE.5,375
RESERVER.SENTIR,376
VENIR.BA,377
DEPART,378
MATIN,379
PHRASE,380
AUTRE.PART,381
BLANC,382
ENCOURAGER,383
IMBECILE,384
MALADROIT,385
NS:AMERIQUE,386
TOURNER-DROITE,387
TRADUCTION,388
6.2,389
AUTOMATIQUE,390
COURS,391
GRAVE,392
LPC,393
MAIN,394
PREVENIR,395
PUBLICITE,396
TELEPHONE,397
TOUT.F,398
ATTENTION,399
AUTRE.ENTRE,400
CUISINE,401
DOMMAGE,402
FS:B,403
NS:MAC,404
2000,405
APRES.1,406
BELLE.FLEUR,407
DEGAGER,408
MACHINE,409
NORMAL,410
PARLER.LOGOPEDIE,411
VITE.VITESSE,412
3E,413
AVOIR-NEG,414
BONJOUR,415
LOURD,416
SPECIAL,417
VENT,418
VILLAGE,419
ATTIRER,420
FONDER,421
FRANCAIS.LS,422
MADAME,423
MIMER,424
NS:NAMUR,425
CONFUSE,426
COULEUR,427
EGAL,428
NUL.A,429
PLEURER,430
RELATION,431
AUTRE.A-COTE,432
BIZARRE,433
CONSEQUENCE,434
CONVAINCRE,435
DECIDER,436
FENETRE,437
FS:A,438
INTERNATIONAL.INTERNET,439
MODE,440
MONDE.BOULE,441
MORT.DECEDER,442
PAPIER.P,443
PEINDRE,444
POURQUOI.B,445
REMBOURSER,446
RETARD,447
SITUATION,448
TOURNER-GAUCHE,449
UTILE,450
VACANCES,451
CHAQUE,452
ORDINATEUR,453
7.2,454
APPORTER,455
APRES.FICHIER,456
CLAVIER,457
CONTACT,458
FATIGUER,459
FAUX,460
INTEGRATION.TRANSPORT,461
JAUNE,462
JOURNAL,463
NORMAL.N,464
OUVRIR,465
RESPECT,466
VACHE,467
AIR,468
DEHORS,469
DOCTEUR,470
FROID,471
JUSQUE.MNT,472
MOTO,473
NS:FACEBOOK,474
PAYS,475
PRES,476
PROGRESSER,477
SOUPLE,478
SOUVENT,479
SUIVANT,480
TABLEAU,481
CRIER,482
IMAGINER.NUAGE,483
LONGTEMPS,484
NAISSANCE,485
PARLER-LONGTEMPS,486
RAPPELER.1,487
TECHNIQUE,488
TRANSFORMER,489
VOIR.MOI,490
BIEN-BOUCHE,491
BLAGUE.P,492
CLASSE,493
MAGASIN,494
TELEVISION,495
AU-BOUT,496
DEVENIR,497
DIMANCHE,498
FIN,499
NAITRE,500
RECHERCHER,501
REGARDER.8,502
TERRE,503
AVION,504
CA-FAIT-DU-BIEN,505
CHER,506
ENTRAINEMENT,507
FETE,508
FUCK,509
NS:ALLEMAGNE,510
NS:ITALIE,511
NS:PIERRE,512
PASSER.TRAVERSER,513
REGION,514
VAS-Y,515
VENDRE,516
VENIR.RASSEMBLER,517
ENVIRONNEMENT,518
MEILLEUR,519
NS:MONS,520
SPORT,521
VOLER.AILES,522
YEUX,523
15,524
ACQUERIR,525
ASSEZ,526
ENVOYER,527
EXPLIQUER.COMMENTAIRE,528
POURQUOI-PAS,529
SAVOIR.AUTRE,530
BETE,531
CONCENTRER.BATEAU,532
NS:JULIETTE,533
RARE,534
REGARDER.5,535
SENS,536
VENIR.ORDRE,537
ADAPTER-NEG,538
CHEVEUX,539
DACTYLOLOGIE,540
DISPUTER,541
ENCEINTE,542
ENERVER.REMPLIR,543
FERME,544
FIL,545
FOOTBALL,546
GAGNER,547
MUR,548
PARFOIS.PREFERE,549
PEUR,550
TOUCHER,551
ALLER.1,552
BLEU,553
CUIRE,554
HONTE,555
HOPITAL,556
MINUTE,557
PAPIER.BIEN,558
PARTIE,559
SALAIRE,560
SANTE,561
SOUFFRIR,562
STOP,563
SUBSIDE,564
TABLE,565
COUDRE,566
COULOIR,567
DEBOUT,568
ET,569
FINIR.TENNIS,570
GRAND-MERE,571
HERITER,572
PETIT.TAILLE,573
REFLECHIR.PARANO,574
RENDEZ-VOUS,575
SOIGNER,576
SOIREE,577
SPORT.EXAGERER,578
VIANDE,579
ASSEOIR,580
CHANGER,581
ECOUTER.ENTENDANT,582
HAUT,583
LOI,584
MORT,585
NS:BERCHEMTHE),586
RACONTER,587
TETE,588
TOUT-DROIT,589
VIVANT,590
APPRENDRE.PHARE,591
CAFE,592
DETAIL,593
DSM,594
FRUSTRE,595
MEME.REPETITION,596
PERIODE,597
RECEVOIR,598
TOUT-SUITE,599
VELO,600
CHOMAGE,601
DIRE.8,602
ETUDIER,603
FLEUR,604
JETER.FUSEE,605
MAMAN.HANCHE,606
METRO,607
MILIEU,608
MOQUER,609
MUSIQUE,610
PAS.SOUFFLER,611
PREPARER,612
PRET.PAILLE,613
RIEN-A-VOIR,614
SOLUTION,615
TRANQUILLE,616
VALEUR,617
BEBE,618
BIEN.BOUDER,619
CERVEAU,620
CHIFFRE,621
CHOSE.1,622
CONTROLER.C,623
DEMAIN,624
DEPENSER,625
DERANGER,626
DIRECTEUR,627
ETRANGER,628
FORME,629
PROFESSEUR,630
REPOSER,631
STYLE,632
TEMPS,633
100,634
ANCIEN.AVANT,635
BATEAU,636
CLIQUER,637
COURIR.1,638
DESSOUS,639
DIPLOME,640
DIRIGER,641
EXPLIQUER.8,642
FLASHY,643
GENTIL.L,644
HABITER,645
IMPROVISER,646
LISTE.POINT,647
NS:WALLON,648
POISSON,649
TABLEAU.1,650
VILLE,651
ABEILLE,652
AVANTAGE,653
CHAMBRE,654
CHEMIN,655
CHEVAL,656
CONCENTRER,657
CONTRE,658
DE:PROFITE-PREFERE,659
ENNUYER,660
ENTREPRISE,661
FLOU,662
IMAGINER,663
ISOLER,664
JARDIN,665
NEGATIVE,666
PRESQUE,667
PROFESSIONNEL,668
PSYCHOLOGIQUE,669
RAISON,670
SEMAINE-1,671
ACTIF,672
COEUR,673
COURIR,674
DERRIERE,675
ENLEVER,676
FBUOY,677
FILM,678
FORET,679
HUMIDE,680
INTERDIRE.DEPEND,681
KILOGRAMME,682
MALADE.VENTRE,683
MEDECIN,684
NS:,685
NS:HITLER,686
PAR-MOIS,687
PIERRE,688
RAPIDE,689
SOURIRE,690
18.2,691
ANIMAL,692
APPRENDRE.ENTENDANT,693
BIEN-SUR,694
CACHER,695
CASSER,696
CERF,697
EXPERIENCE,698
FRAPPER,699
INTELLIGENT.TETE,700
METEO,701
MOIS,702
NAGER,703
NS:LUXEMBOURG,704
PLUS.PUBLIC,705
REVE,706
SAUVER,707
1000,708
ALLUMER,709
CHAISE,710
COLLEGUE.COLLABORATION,711
COMMANDER,712
COMPATIBLE,713
CONDUIRE,714
COUPER.ABATTRE,715
DESSOUS-SUIVANT,716
FS:I,717
GARCON.F,718
IDEE.50,719
INSULTE,720
LIRE.REGARDER,721
MEME.MAFIA,722
MER,723
NORMAL.NERVEUX,724
PROMENER,725
REGARDER.AMOUR,726
REVOLUTION,727
SINGE,728
SOIR,729
100.000,730
14,731
?,732
ARGENT.RECEVOIR,733
AVEC.POIGNET,734
BLOQUER,735
CA-VA,736
CAPABLE,737
COMMUNE,738
COMPLET,739
COMPLET.F,740
COMPRIS,741
CONSTRUIRE,742
ELEVE,743
EQUIPE.5,744
GENTIL,745
LONGTEMPS.DUREE,746
MATERIEL,747
NS:ESPAGNET-COEUR),748
NS:IPHONE,749
OUVRIR.ESPRIT,750
PENSION,751
PROPOSER,752
RECENT,753
REMPLACER,754
REVEILLER,755
SIGNAIRE,756
AN-1,757
BATIMENT,758
CHEVAL.REMORQUE,759
CONTRAIRE,760
DEVANT,761
DRAPEAU,762
FRAISE,763
FS:V,764
GRATUIT,765
GROS,766
LANGUE,767
MALADE,768
MERDE,769
NS:KEMAL,770
OFFICIEL,771
PARTICIPER,772
PLIER,773
REPARER,774
TEXTE,775
THEATRE,776
TOUT.APPLAUDISSEMENT,777
VIDEO,778
ZERO,779
8.2,780
ACTIVITE,781
AVEUGLE,782
BILINGUE,783
CARREAU,784
DE:INTELLIGENT,785
DICTEE,786
DOCTEUR.PENSER,787
FEU,788
FIER,789
FIN.PAILLE,790
FOUR,791
GOUT,792
INTELLIGENT.5,793
INTERNAT,794
LAISSER-TOMBER,795
NS:ANGLETERRE,796
NS:INTEGREE,797
PAPA.8,798
PLAISIR,799
PROGRAMME,800
RETENIR,801
SAC,802
TOIT,803
APPRENDRE.1,804
AUTRE-THEME,805
BOUCHE.FORME,806
BUREAU,807
CHOC,808
CHOSE,809
DEBUT,810
DERNIER,811
DEUX-CHOIX,812
EPUISER,813
FS:M,814
GATEAU,815
GRAMMAIRE,816
INFLUENCE.MENTAL,817
NEUTRE,818
PATE,819
PLUIE,820
POLICE,821
PORTE,822
POUVOIR,823
PRIVE,824
RIVIERE,825
SAMEDI,826
TRACASSER,827
COLERE,828
COMBATTRE,829
CON,830
CURIEUX,831
EGLISE,832
ELECTRICITE,833
ENERVER,834
ENERVER.GRATTER,835
ENFUI,836
EXCELLENT,837
FER,838
FERMER,839
FILE,840
FS:C,841
GRENOUILLE.COU,842
JEU,843
MATERNEL,844
NS:IRHOV,845
NS:SYRIE,846
ORGANISER,847
POLLUTION,848
PONT,849
PREUVE,850
SOLEIL,851
SUR-PLACE,852
TRAM,853
12,854
13,855
50,856
ACCEPTER,857
APPLAUDIR.ENTENDANT,858
BOUGER,859
BUREAU.PALM,860
CHEF.SALUT,861
COIN,862
CONFIANCE,863
COUPLE.DUO,864
DEFENDRE,865
DESCENDRE,866
ENCORE-PAS,867
INTEGRATION,868
INTERVIEW,869
LEGER,870
LIMITE,871
MAL,872
MEMOIRE,873
METRE,874
MOINS.BAS,875
MOT.MAIN,876
MOTIVATION,877
OFFICIEL.7,878
POINT,879
POUR.BELGE,880
QUITTER,881
RECLAMER,882
RESTAURANT,883
SERIEUX,884
SIGNE,885
SUPERIEUR,886
TARD,887
VENDREDI,888
VOULOIR.ENERVER,889
40,890
A-PARTIR,891
AMUSER,892
BATTRE,893
CHAT.F,894
COLLER,895
CONCRET,896
COUPABLE,897
DANGEREUX,898
DONNER.CHOSE,899
EXAMEN,900
FS:F,901
GRAND-PERE,902
IDENTITE,903
INVESTIR,904
MESURER,905
MIGNON,906
MONTER,907
NEZ,908
NIVEAU.VARIABLE,909
NS:DANITZA,910
NS:WINDOW,911
PAUVRE.P,912
PERSONNE.HUMAIN,913
POURCENT,914
PROFOND,915
TOI-MEME,916
VIOLENCE,917
80,918
ACCESSIBILITE,919
ACCIDENT,920
AISE,921
AN-2,922
ARRETER.2M,923
AVION.VOLE,924
BUS,925
CA-ARRIVE,926
CERF-VOLANT,927
CHAUSSURE,928
CHEVAL.Y,929
CURE,930
DE:ATTENDRE-ENNUYER,931
DROIT,932
ETAGE,933
FONDRE,934
FRUIT,935
HANDICAP,936
HOMO,937
JUIN,938
MOU,939
NOTAIRE,940
NOUVEAU.REPETER,941
NS:BRUNO,942
NS:GALLAUDET,943
NS:JAPON,944
PROPRE,945
PROTEGER,946
PUBLIC,947
ROND-POINT,948
RYTHME,949
SEVERE,950
UNIVERSITE,951
WEBCAM.FACE-L,952
7,953
ADAPTER.MACHINE,954
ANCIEN,955
BASE,956
COLLABORATION,957
COMMENCER.METRO,958
CONCURRENCE,959
DANS.CERVEAU,960
DEVELOPPER,961
EGAL.MATH,962
FOUR.PALM,963
JUGE,964
LAMPE,965
NIVEAU.BAS,966
NS:SAMSUNG,967
NS:SISW,968
ODEUR,969
POELE,970
POIL,971
PRESENTER,972
PRIERE,973
PRIMAIRE,974
SEC.SEC,975
SEL,976
SOEUR.NONNE,977
SUPPRIMER,978
TEMPERATURE,979
TOUR-MOI,980
TRAVAIL.FAIRE,981
VENIR.ATTENDRE,982
ABREGER,983
ADULTE,984
APPELER.GESTE,985
BESOIN.ANDERLECHT,986
BIERE,987
BRIQUE,988
C-EST-RIEN,989
CARESSER,990
CHAISE-ROULANT,991
CHARGE,992
CHER.5,993
CHOC.SURPRISE,994
CLASSE.CHAMBRE,995
COMMUNICATION-NEG,996
COQ,997
DSS,998
ENGUEULER,999
EVITER,1000
EXAGERER,1001
FAUX.TRICHER,1002
FONCE,1003
FS:P,1004
GRAND.GROS,1005
INVERSER,1006
JUSQUE.LONG,1007
LANGUE.LOGOPEDE,1008
LENT,1009
METTRE.05,1010
NOTER,1011
OUI-NON,1012
PETIT.ENFANT,1013
PIPI,1014
PLUSIEURS.LISTE,1015
POEME,1016
POURCENT-CENT,1017
TABLEAU.EXCEL,1018
TANTOT,1019
TROU.PROFOND,1020
VERIFIER,1021
VISITER,1022
82,1023
ANGLAIS,1024
BAR,1025
BAS,1026
BISOUS,1027
BOUCHE,1028
BOULANGER,1029
CASSER.JETER,1030
COMITE,1031
CONTE,1032
CORRIGER,1033
DONNER.ARGENT,1034
EVALUATION.PERSONNE,1035
HIER,1036
LEVER,1037
LIT,1038
MAGIE,1039
MARRE.TROP,1040
MECHANT,1041
MENUISER,1042
METTRE.NOURRIRE,1043
MOIS-1.B,1044
MONTRE,1045
OBSTACLE,1046
OEUF.BISOUS,1047
PARFAIT,1048
PT,1049
PULL,1050
SERVICE,1051
SOUTENIR,1052
TOURNER.SAUTER,1053
VAPEUR,1054
VEXER,1055
VILAIN,1056
4E,1057
ART,1058
ASSASSINER,1059
AU-REVOIR,1060
BANQUE.TETE,1061
CARREFOUR,1062
CARTE,1063
CHANGERT,1064
CHERCHER.PRENDRE,1065
COMPLIQUE,1066
CONSTRUIRE.LASAGNE,1067
CONTINUER,1068
CRITIQUER,1069
DE:EXCLUSION,1070
DELICIEUX,1071
DEPECHER,1072
DETESTER.IMPOSSIBLE,1073
DISCRIMINATION,1074
EGAL.CONCURRENCE,1075
EMPLACEMENT,1076
ENTRE,1077
ESCALADE,1078
FARINE,1079
GOUT.ALCOOL,1080
GRAND.L,1081
JAMAIS-VU,1082
KILOMETRE,1083
LEGUMES,1084
LINGERIE,1085
MAIN.BRAVO,1086
MALHEUREUX,1087
MARDI,1088
MOMENT,1089
MONTAGNE,1090
NS:CHAYMA,1091
PING-PONG,1092
PORTER,1093
PRESIDENT,1094
QUOI-FAIRE,1095
RASSURER,1096
SECONDAIRE,1097
SUCRE,1098
UTERUS,1099
25,1100
30,1101
90,1102
AIMER.EXPRESSION,1103
AIMER.PLAISIR,1104
AVANT.DERRIERE,1105
BAIN,1106
BANQUE,1107
BRUIT,1108
CHEVAL.MONTER,1109
COCA,1110
CODA,1111
COIFFEUR,1112
COLLER.COLLECTION,1113
CONTENT.PLAISIR,1114
COULEUR.PARANO,1115
COUSIN,1116
DE:DECU,1117
DEVOIR,1118
EGAL.HAUT,1119
EN-FOUTRE.BA,1120
EUROPE,1121
FETE.PARTY,1122
GUERRE,1123
HISTOIRE.PAF,1124
IMPOSSIBLE.TENNIS,1125
INDEPENDANCE,1126
INONDATION,1127
LUNDI,1128
MANTEAU,1129
MARQUE,1130
MAXIMUM,1131
MERCREDI,1132
METTRE,1133
NORMAL.F,1134
NS:BOUGE,1135
NS:DANEMARK,1136
NS:JOSE,1137
PARESSEUX,1138
PARTIR.GRANDIR,1139
PAUVRE,1140
PERSONNE-COUP,1141
PIERCING,1142
POCHE,1143
POMPIER,1144
POUSSIERE,1145
PROCHAINE,1146
QUAND.8,1147
REGARDER.HAUT-BAS,1148
SENS.2,1149
SI-JAMAIS,1150
TAIS-TOI,1151
TIMIDE,1152
TUER,1153
UNION,1154
WEEK-END,1155
21,1156
6,1157
APRES-MIDI,1158
ARRANGER,1159
ATTRAPER,1160
BAVARDE,1161
BUDGET.HERITER,1162
CHIANT,1163
CHIEN.CUISSE,1164
CHOUETTE,1165
COMPRENDRE.MEMOIRE,1166
CREME,1167
CROISER-DES-DOIGTS,1168
DE:EMOTION-SOURCILS-FRONCES,1169
DECU,1170
DEMISSIONNER,1171
ECOUTER.YEUX,1172
EDUCATION.E-V,1173
EDUCATION.S,1174
ELOIGNER,1175
EN-FACE,1176
EURO.E,1177
FEVRIER,1178
FS:ASL,1179
FS:S,1180
GALOPER,1181
HEURE-1.CERCLE,1182
INSISTER,1183
INSULTE.MOT,1184
L-AIR.LAVER,1185
LAVER-VISAGE,1186
LETTRE,1187
METHODE,1188
MUTUALITE,1189
NS:JONATHAN,1190
NS:MONTEGNEE,1191
NS:UKRAINET-BOUCHE),1192
PEUT-ETRE.5,1193
POLITIQUE,1194
POMME,1195
PRENOM,1196
RALER,1197
SALADE,1198
STABLE,1199
SUR.VIE,1200
TREMBLER,1201
VIDE,1202
AFFIRMATION.TETE,1203
ANNONCER,1204
APPARTEMENT,1205
BOMBE,1206
BON-SAVEUR,1207
CALCULER,1208
CARTES.JEU,1209
CELEBRE,1210
CISEAUX,1211
COMMERCE,1212
CONCOURS,1213
DE:PAF,1214
DE:RAPPELER-FORT,1215
DECOUVRIR,1216
DEPASSER,1217
DEPOSER,1218
DEROGER,1219
DIFFERENT.10,1220
DROIT.OBLIGER,1221
ECHEC,1222
ECRASER,1223
EN-FOUTRE,1224
ENLEVER.B,1225
ENVIRON.ENVIRON,1226
FAIRE.FORMATION,1227
FEUILLE.JAPON,1228
FS:L,1229
GSM,1230
HIBOU,1231
HOTEL,1232
HUMEUR,1233
JOUER.CERCLE,1234
LS-PAS,1235
MAUVE,1236
MAUVE.JOUE,1237
MESURER.BRAS,1238
MOINS-CHER.10,1239
MONTAGE,1240
MORT.COUPER,1241
NERVEUX,1242
NETTOYER,1243
NEVEU,1244
NIVEAU,1245
NOEL.SAPIN,1246
NS:CHARETTE,1247
NS:CHINE,1248
NS:ESMERALDA,1249
NS:FATIMA,1250
NS:JEAN-CLAUDE,1251
NUL,1252
OUVRIER,1253
PAYS.5,1254
PAYSAGE,1255
POINT.B,1256
PROFITER,1257
QUELLE,1258
QUEUE,1259
RAPPELER.6,1260
RIRE.SOURIRE,1261
ROUGE-A-LEVRES,1262
SALLE,1263
SAVOIR-PAS.1,1264
SECURITE,1265
SEMAINE,1266
STAGE,1267
TANTE,1268
WEBCAM.MOI,1269
ALLUMER.FLASH,1270
ANNEE-1,1271
BIC,1272
BILLET,1273
BOUTEILLE,1274
CADEAU,1275
CHASSER,1276
CHAUSSETTES,1277
CHEVRE,1278
CINEMA,1279
COMMUN,1280
CONTRE.CARREFOUR,1281
DE:ENNUYER-FORT,1282
DRAPS,1283
EMOTION,1284
ENFIN.TRANQUILLE,1285
ESPERER,1286
FRANCAIS.LS-ORAL,1287
FS:D,1288
HANDICAPE.MAL,1289
HEURE-2.CERCLE,1290
HEURE-4,1291
IGNORER,1292
INQUIETER,1293
INSTALLER,1294
INTERNET,1295
JALOUX,1296
JOURNAL.J,1297
LEVER.DOIGT,1298
MAIGRIR.I,1299
MIDI,1300
NS:BERCHEM,1301
NS:GHLIN,1302
NS:INCONNU,1303
NS:LSFB,1304
NS:NATHALIE,1305
NS:SIMONE,1306
OEUF.DS,1307
ORIGINE.VEINE,1308
PAYER-PAR-MOIS,1309
PERDRE.COU,1310
PHOTO.PHOTOCOPIE,1311
PISCINE,1312
PLAN,1313
POLLUTION.TURBO,1314
POUBELLE,1315
POUSSER,1316
PRIX,1317
QUE.CROISE,1318
RATER,1319
REGLES,1320
REVEIL,1321
SALE,1322
SANS,1323
SAVOIR-PAS,1324
STUPIDE,1325
SUD,1326
TACHE,1327
TRANSPORT,1328
TROU.MUR,1329
VOCABULAIRE,1330
9.2,1331
APERCEVOIR,1332
APPROCHER,1333
APPROUVER,1334
ATTITUDE,1335
AUTRE.PALM-DOWN,1336
AUTRE.PT,1337
BENEFICE,1338
BLESSER,1339
CENTRE,1340
CM,1341
COMMUNICATION-PAS,1342
COUPER.MOITIE,1343
COURAGE,1344
DE:AH-TETE,1345
DE:FACHER.ECRASER,1346
DE:OCCASION-PROFITE,1347
DE:PAS-ECOUTER,1348
DEGOUTER,1349
DSH,1350
DSL,1351
E-MAIL,1352
ECOLE.HOTEL,1353
EFFORT,1354
ENDORMIR,1355
ENDROIT-S,1356
ENGAGER.CHOISIR,1357
EQUILIBRE,1358
ETE,1359
EXCLUSION,1360
EXCLUSION.RIEN,1361
FACON,1362
FIANCE,1363
FOU,1364
FRAGILE,1365
FREINER,1366
GARAGE,1367
GAUCHE,1368
GRATUIT.0,1369
HOME,1370
IMMERSION,1371
LACHER,1372
LAIT,1373
LS.NOUVELLE,1374
MARS,1375
MER.EAU,1376
METTRE.IMAGE,1377
MOINS.DIMINUER,1378
NS:?,1379
NS:NS:BRUXELLES,1380
NS:TIMOTHY,1381
NS:VERVIERS,1382
OEUF,1383
OIGNON,1384
ORANGE,1385
PERIODE.AVANCER,1386
PETANQUE,1387
POULET,1388
PUE.MARQUEUR,1389
PUNIR,1390
RESSEMBLE,1391
ROLE,1392
SAUCE,1393
SOUCIS,1394
SYSTEME,1395
TAIRE.MOI,1396
TOMBER.2,1397
TOUCHER.ABEILLE,1398
TUNNEL,1399
VANDALE,1400
VELO.JUILLET,1401
VIRER.B,1402
VOISIN.COTE,1403
WEBCAM.CAMERA,1404
11,1405
18,1406
20.000,1407
ACCUSE,1408
AN-CHAQUE,1409
ANNULER,1410
APPLAUDIR,1411
ARCHITECTE.SOULIGNER,1412
ATTENTION.5,1413
BARBE,1414
BEURRE,1415
BOL,1416
BOUILLON,1417
BOULETTE,1418
CHANGER.MOT,1419
CHIMIQUE,1420
CHOCOLAT,1421
CODE,1422
CONNAITRE-NEG,1423
CREER,1424
CROIX.DEUX,1425
DANSER,1426
DE:ENVIE-CURIEUX,1427
DE:OUBLIER,1428
DOS,1429
DOUBLE,1430
ECONOMISER,1431
EDUCATION.V,1432
ELECTRICITE.BRAS,1433
EMOTION.EXPRIMER,1434
ENTENDRE-NEG,1435
FOND,1436
FORET.COLERE,1437
FRITE,1438
FS:G,1439
FS:R,1440
GSM.POUCE,1441
HANDICAPE.MAIN,1442
HERBE,1443
HEURE-6.2,1444
HEURE.DISQUE,1445
HIVER,1446
INTERVENIR,1447
LAVER.REPASSER,1448
LEGUMES.SALADE,1449
LISTE,1450
MEDIATEUR,1451
MEDICAMENT.MANGER,1452
MEME,1453
NORMAL.VIVANTE,1454
NOURRIR,1455
NS:CHAPELIER,1456
NS:CREE,1457
NS:PARIS,1458
NS:SABINE,1459
NS:TIMOTHYT,1460
NUIT-BLANCHE,1461
ONCLE,1462
ORTHOGRAPHE,1463
OSER,1464
OUVRIR.FENETRE,1465
PAIN,1466
PATE.MASSER,1467
PEUR.ENFANT,1468
PIECE.MATERIEL,1469
PIGEON,1470
PLUS.S,1471
PNEU.ROUE,1472
POSTE,1473
POUVOIR-NEG,1474
RECETTE,1475
RECONNU,1476
RENOVER,1477
RISQUE.REGIME,1478
S-IL-VOUS-PLAIT.GENTIL,1479
SAPIN,1480
SEXE,1481
SONNER,1482
SOURIS,1483
SOUVENT.MARSEILLE,1484
STRATEGIE,1485
SUCRE.CHOCOLAT,1486
SYMBOLE,1487
TAPIS,1488
TOUR,1489
VASE,1490
VIE.S,1491
VV,1492
16,1493
24,1494
??,1495
AGRESSIF,1496
ASPIRER,1497
AUTRE.CONCENTRER,1498
AVANT.THEATRE,1499
BISCUIT,1500
BONBON,1501
BUS.BANQUET,1502
CATHOLIQUE,1503
CHANSIGNE,1504
CHEF.OUTILS,1505
CHEQUE,1506
CHEVAL.MOTO,1507
CLE,1508
COMMUNAUTE,1509
CONQUERIR,1510
CONSCIENT-PASSIF,1511
DE:ACQUIS,1512
DE:ARRETER-LS,1513
DE:NON-MERCI,1514
DE:RIEN-FAIRE,1515
DECALER,1516
DEHORS.ORDRE,1517
DENT,1518
DEPASSER-TRAVERSER,1519
DESSERT,1520
DOSSIER,1521
ENCADRER,1522
ENERGIQUE,1523
ENTERREMENT,1524
ESPRIT,1525
ETRE,1526
FLECHE,1527
FOU.DINGUE,1528
FOURCHE-VELO,1529
FS:J,1530
FS:O,1531
FS:T,1532
GRAISSE.QUALITE,1533
IMPRIMER,1534
JANVIER,1535
JE,1536
JOUE.PARFAIT,1537
JUILLET,1538
LETTRE.PIED,1539
LOGIQUE,1540
LOGOPEDIE,1541
MAGASIN.VENDRE,1542
MALENTENDANT.MAUVAIS,1543
MOCHE,1544
MODELE.EXEMPLE,1545
NOEL.MILIEU,1546
NOEL.NAITRE,1547
NORD,1548
NS:BRUGES,1549
NS:DANIEL,1550
NS:DAVID,1551
NS:FLEUR,1552
NS:FLORENCE,1553
NS:GAETAN,1554
NS:HOLLANDE,1555
NS:LYBIE,1556
NS:MADOU,1557
NS:MARIE-FLORENCE,1558
NS:MAROC,1559
NS:MARTINE,1560
NS:OSTENDE,1561
NS:PAUL,1562
NS:RUSSIE,1563
NS:STELLA,1564
NS:TOURNAI,1565
NS:VALERIE,1566
NU,1567
NUIT,1568
OFFRIR,1569
ON-VERRA,1570
PAS-CA,1571
PATATE,1572
PATE.MOUILLER,1573
PEINE-PAS,1574
PHARMACIE.CROIX,1575
PHOTO.EXPRESSION,1576
PIEGE,1577
PILOTE,1578
PIQURE,1579
PIZZA,1580
POINT-DE-VUE,1581
POUMONS,1582
PSYCHOLOGIE.PENSER,1583
QUAND-MEME.1,1584
RECULER,1585
RESSEMBLE.TETE,1586
RESSEMBLER.B,1587
RIDEAU,1588
S-IL-VOUS-PLAIT.EGLISE,1589
SIGNATURE,1590
SOLDAT,1591
SOUFFLER,1592
STRUCTURE,1593
TAXI,1594
TENNIS,1595
TISSU,1596
TOTAL,1597
TOUCHER.SENTIMENT,1598
TREFLE-CARTE,1599
UF,1600
VOLER.PRENDRE,1601
VOYAGE,1602
VOYAGE.SAUTER,1603
17,1604
3000,1605
81,1606
900.2,1607
A-LA-PORTE,1608
ABOYER,1609
ACCOMPAGNER,1610
ALLOCATION,1611
ANIMATEUR,1612
AVIS,1613
AVOIR-PAS,1614
BOUCLE,1615
BOUCLE-OREILLE,1616
BRUN,1617
CACA,1618
CALCULER.CHIFFRE,1619
CAVE,1620
CHEF.CAPITAINE,1621
COCHON,1622
COMPRENDRE-RIEN,1623
CONFERENCE,1624
DE:MOTIVE-PAS,1625
DEFAUT.ESSAYER,1626
DIFFICILE.RAMPER,1627
DIVORCER,1628
DONNERT,1629
DÉTESTER.POUSSER,1630
EMBETER.PIQUE,1631
EMBOUTEILLAGE,1632
ENFIN,1633
ERECTION,1634
ETAGE.SOL,1635
EXPRESSION.VIDE,1636
FABRIQUER,1637
FERMER-BOUCHE.FRUIT,1638
FEU.RUE,1639
FS:H,1640
FS:LSF,1641
GAUFRE,1642
GLACE.GELER,1643
GRAISSE,1644
GYMNASTIQUE,1645
HEURE-DEMI,1646
INTEGRATION.4-1,1647
KM,1648
LEVER.DEBOUT,1649
MANIFESTATION,1650
MICRO,1651
MINIMUM,1652
MOINS-CHER,1653
MOIS-6,1654
MONTER.RUE,1655
NS:ALONA,1656
NS:CORPUS,1657
NS:DELHAIZE,1658
NS:FRANCOIS-HOLLANDE,1659
NS:INES,1660
NS:JEAN-CLAUDETETE-C),1661
NS:POLOGNE,1662
NS:SIBYLLE,1663
NS:THAILANDE,1664
NS:VIRGINIE,1665
NUANCE,1666
OPTION,1667
OUBLIER.JETTE,1668
PANTALON,1669
PARFUM,1670
PEAU,1671
PIERRE.6,1672
PRATIQUE,1673
PUTAIN,1674
QUE,1675
REMARQUER.1,1676
RESPIRER,1677
RIRE.FAIM,1678
ROLE.6,1679
ROULEAU-PATISSERIE,1680
SCOUT,1681
SENTIR-MAL,1682
SEPTEMBRE,1683
SKI,1684
TORTURER,1685
TOUT.1D,1686
TRANSEXUEL,1687
VOIX.GORGE,1688
VOLER,1689
VOYOU,1690
10.2,1691
15.MID,1692
16.2,1693
22,1694
26,1695
60,1696
ACCIDENT.VOITURE,1697
ADOPTER,1698
AJOUTER.IMPROVISER,1699
AMENDE,1700
ANNULERT,1701
AOUT,1702
ARGENT.GAGNER,1703
ASCENSEUR,1704
AUTOROUTE,1705
BAL,1706
BATTU,1707
BISOUS.2,1708
BIZARRE.PEINTRE,1709
BLAGUE.PIQUER,1710
BOCAL,1711
BOSSU,1712
BOUCHER,1713
BOUILLIR,1714
BROSSE,1715
CA-VA-PAS,1716
CALCULER.COMPTER,1717
CAMPING,1718
CHANTILLY,1719
CHARBON,1720
CHARBON.BOULETTE,1721
CHAUFFAGE,1722
CHIFFRE.PALM-DOWN,1723
CHIQUE,1724
CLAQUER,1725
COMPOTE,1726
CONFIRME,1727
CONSERVER,1728
DE:FRIMEUR,1729
DE:GAGNER,1730
DE:LAISSER.ABANDONNER,1731
DEPRESSION,1732
DERNIER.CARTE,1733
DIEU,1734
DOLLAR.S,1735
DSTONDEUSE),1736
ECHELLE,1737
EPLUCHER,1738
ESSAYER-A-FOND,1739
ETEINDRE.LAMPE,1740
ETOILE,1741
FAMILLE.TROMPER,1742
FAX,1743
FBUOY:EQUIPE,1744
FBUOY:TROIS,1745
FLEUR.G,1746
FRIMER,1747
FRONTIERE,1748
FS:FFSB,1749
GAUCHE.DINO,1750
GRAND.GEANT,1751
HAUT-LUXE.VAPEUR,1752
HESITER.ENTRE,1753
HEURE-10,1754
HEURE-2,1755
HOSPITAL,1756
HOTESSE,1757
INFIRMIER,1758
INTERNATIONAL,1759
LAISSER.COTE,1760
LAVER.2,1761
LISTE.1-5,1762
LOGIQUE.LUNETTES,1763
LOGOPEDIE.CASQUE,1764
LOUER,1765
MALIN,1766
MANGER.LANCER,1767
MATHEMATIQUE,1768
MOT.CONTRAIRE,1769
MOUTON,1770
NAZI-SALUT,1771
NEGATIVE-MAIN,1772
NS:AWIPH,1773
NS:BERNARD,1774
NS:DELPHINE,1775
NS:GAUTHIER,1776
NS:JEAN-PIERRE,1777
NS:LORENZO,1778
NS:NAPOLEON,1779
NS:NS:IRSA,1780
NS:THIERRYTY),1781
NS:UCCLE,1782
OBEIR,1783
PARENTS.8,1784
PARTIE.VIRER,1785
PEDAGOGIQUE,1786
PERIODE.COUPER,1787
PIANO,1788
PLAT,1789
PLAT.ASSIETTE,1790
POLI.RESPECTER,1791
POMME.SAVON,1792
PRECISER.TETE,1793
QUI-PASSE,1794
RANDONNEE,1795
RECORD,1796
REGARDER.DISTRAIRE,1797
REPORTER,1798
RISQUE,1799
ROLE.TOURNER,1800
SECONDE,1801
SECRET,1802
SOUMIS,1803
SOUVENT.MARSELLE,1804
TABAC,1805
TELECOMMANDE,1806
TETU,1807
THE,1808
TOURNER.PAGE,1809
TOURNEVIS,1810
TRAMPOLINE,1811
VENTILATEUR.3,1812
VERSER,1813
VISITER.RENCONTRER,1814
ZOO,1815
19.2,1816
2008,1817
41,1818
45,1819
55,1820
70,1821
8,1822
800.2,1823
84,1824
AFFAIRE,1825
AMELIORER,1826
AN-3,1827
ANALYSER,1828
APRES-DEMAIN,1829
ARAIGNEE,1830
ARMOIRE,1831
BIENTOT,1832
BLOND,1833
BOUTON,1834
BRILLANT,1835
BUT,1836
C-EST-LA-VIE,1837
CAPITALE,1838
CARNAVAL,1839
CASQUE,1840
CHANSIGNE.COMPTINE,1841
CHAPEAU.BRAVO,1842
CHAUVE.B,1843
CHEZ,1844
CIMENT,1845
CLE-PORTE,1846
CM.C,1847
COMME-CA-AUSSI,1848
COMPTABLE,1849
COURSES.AVEC,1850
DE:ACQUERIR,1851
DE:CHIC,1852
DE:NON-MERCI.FLATGO,1853
DE:SAUTER-JOIE,1854
DEMANDER.ECHANGER,1855
DEPOSER-LAISSER,1856
DESCENDRE.FAILLITE,1857
DEVELOPPER.PROGRESSER,1858
DIABETE,1859
DISSOUDRE,1860
DOUCE,1861
ECOUTER.PIANO,1862
ECOUTER.YEUX-C,1863
ECRIRET,1864
EDUCATION,1865
EFFONDRER,1866
ENERGIE.FORCE,1867
ENREGISTRER,1868
ENTRE.DIVERS,1869
ESSENCE,1870
FAIBLE,1871
FAIM,1872
FBUOY:DS,1873
FBUOY:LS,1874
FEUILLE.F,1875
FILM-FIN.4,1876
FORT.INTERPRETE,1877
FRANCAIS-SIGNE,1878
FRIGO,1879
FS:E,1880
FS:LSFB,1881
GLACE,1882
GRAND-PARENTS,1883
GRAND-PERE.8,1884
GROSSIER,1885
HESITE.ENTRE,1886
HEURE-7.2,1887
HEURE-8.2,1888
HEURE-9.2,1889
INTERESSANT-NEG,1890
JOURNAL.FENETRE,1891
KILOGRAMME.K,1892
LATTE,1893
LENT.DOUCEMENT,1894
LITRE,1895
LUNETTES,1896
MARCHER.BRAS,1897
MEDICAMENT,1898
MEUBLE.5,1899
MONTAGNE.CHAMEAU,1900
MORDRE,1901
NEIGE,1902
NOYER,1903
NS:CONSTANT,1904
NS:EGYPTE,1905
NS:ELISA,1906
NS:EMMA,1907
NS:JULIE,1908
NS:LILIANE,1909
NS:SADRINE,1910
NS:SONNEMANS,1911
OPINION,1912
PAIN.HESITER,1913
PALM-DOWN,1914
PAPILLON,1915
PAR,1916
PC-TOUR,1917
PENDANT,1918
PETIT.MINORITE,1919
PINCER,1920
PLANTE,1921
PLASTIQUE.OEUF,1922
PLEURE,1923
PLONGER.SAUTER,1924
PLUS-JAMAIS,1925
PNEU.TRADITIONNEL,1926
POISSON.TRANCHE,1927
POP-CORN.JACUZZI,1928
PORTE.PINCER,1929
POUR-RIEN,1930
PSYCHOMOTRICITE,1931
PUBLICITE.ACTIVITE,1932
REMPLIR.NIVEAU,1933
RESERVER,1934
RESERVER.ATTRAPER,1935
RESUMER,1936
REUNION,1937
RITUEL,1938
SABLE,1939
SAC-A-DOS,1940
SAGE,1941
SAUCISSE,1942
SAUF,1943
SECONDAIRE.SUPERIEUR,1944
SEMAINE-3,1945
SEPARER.DISTANCE,1946
SILENCE-MMH,1947
SOUPE,1948
SURPRISE,1949
TACHE.PENSER,1950
TENTE,1951
TOURNADE,1952
TRANSPIRER,1953
VIDE.EPUISER,1954
VIN,1955
VOIR-PAS,1956
66,1957
86,1958
99,1959
A-FIN,1960
ACCORD-NEG,1961
ACCUEIL,1962
AN-3-PASSE,1963
ANTI-VIRUS,1964
APRES.G,1965
ARRETER,1966
ARRIVER.APPORTER,1967
ASSIETTE,1968
ASSURANCE,1969
ASSURANCE.POSTE,1970
AUJOURD'HUI,1971
AVALER,1972
AVENTURE.CHEMIN,1973
BANQUET.BANC,1974
BASKET.BRAVO,1975
BAVER,1976
BOTTE,1977
BRAS,1978
BRUIT.SON,1979
CANARD,1980
CHAMPION.MENTON,1981
CHERCHER.AVEUGLE,1982
CINEMA.GRIFFE,1983
CLIENT,1984
CLIGNER,1985
COMMUNAUTE.MAISON,1986
CONFITURE,1987
CONSEIL,1988
CONTRIBUTION,1989
COUPER.ABBATRE,1990
CRIER-MURMURER,1991
DE:RELAX-REJETER,1992
DE:VALEUR-NEG,1993
DE:VOIR-PAS-CACHE,1994
DECEMBRE,1995
DEFIS,1996
DEMOCRATIE,1997
DEPENDRE,1998
DETESTER,1999
DICTIONNAIRE,2000
DISCOURS,2001
DORMIR.MAINS,2002
DOUER,2003
DRAGUER,2004
ECONOMIE.2,2005
EGAL.TOUS,2006
EMBALLER,2007
EPICE,2008
ETEINDRE,2009
EXAGERER.METRE,2010
EXCEPTIONNEL,2011
EXPRES,2012
FAIRE.COMMENT,2013
FENETRE.2,2014
FERMER.SENTIR,2015
FILM.MOODLE,2016
FOUET,2017
FOURCHETTE,2018
FREINER-VELO,2019
FRERE.WOLUWE,2020
FS:CARS,2021
FS:CFLS,2022
FS:COBA,2023
FS:CPAS,2024
FS:DM,2025
FS:GB,2026
FS:ONU,2027
FS:TT,2028
FS:XC,2029
GARE,2030
GENERAL.MASTER,2031
GLACE.ATTENDRE,2032
GROUPE,2033
HAMBURGER,2034
HANDICAP.THEATRE,2035
HESITER.COEUR,2036
HEURE-3,2037
HEURE-8.2.CERCLE,2038
HOMO.KETCHUP,2039
HUILE,2040
ICONICITE,2041
IMPORTANT-PAS,2042
INDIEN,2043
INVITER,2044
JAMBES.ECARTER,2045
JANVIER.CUISINE,2046
KAYAK.RAMER,2047
LIMITE.FIN,2048
LION,2049
LISTE.CONDITIONS,2050
LOTTO.VOTE,2051
LOUER.MAISON,2052
LUXE,2053
MAIGRIR.VISAGE,2054
MAL.PATIENCE,2055
MAMAN.MONSIEUR,2056
MARRE,2057
MODELE,2058
MOIS-9,2059
MOUSTACHE.8,2060
MUTUALITE.EPAULE,2061
NAIF,2062
NEGATION,2063
NS:ALAIN,2064
NS:ARWEN,2065
NS:CANADA,2066
NS:CAPUCINE,2067
NS:FABIENNE,2068
NS:FRONTRUNNERS,2069
NS:LAURENCE,2070
NS:MARIE-HAPS,2071
NS:MC-DONALD,2072
NS:MURIELLE,2073
NS:MYLENE,2074
NS:OOVOO,2075
NS:PABLO,2076
NS:PICRON,2077
NS:SAINT-NICOLAS,2078
NS:SUSANA,2079
NS:THIERRY,2080
NS:UKRAINE,2081
NUMERO,2082
OBSEDE-CARRE,2083
OCCASION.JETER,2084
OCTOBRE,2085
OFFICIER,2086
OPERER,2087
OPERER.COUTEAU,2088
OREILLE,2089
PARENTS.INVERSE,2090
PARTAGER,2091
PAS.PAS,2092
PASSEPORT,2093
PBUOY:PERIODE,2094
PEAU.VISAGE,2095
PECHER,2096
PEINDRE.PLAT,2097
PHYSIQUE,2098
PLAGE,2099
PLAINTE,2100
PLEIN.CHIEN,2101
PLONGER,2102
POELE.CHAUD,2103
POKER.TOURNER,2104
PORTABLE,2105
POURRIR,2106
PRENDRE.MOUCHE,2107
PRESSION.DISCRIMINATION,2108
PRIORITE,2109
PROFIL.GLISSE,2110
PROGRESSER.LIFT,2111
PUBLIC.AUDITOIRE,2112
RADIO,2113
RAPPELER,2114
RECOPIER,2115
REGION.ENDROIT,2116
ROSE.NEZ,2117
S-IL-VOUS-PLAIT.I,2118
SALE.MER,2119
SALON.8,2120
SALUT,2121
SCRAPBOOKING.PUZZLE,2122
SEC,2123
SEMAINE-PLURIEL,2124
SEPARER.ECARTER,2125
SPERMATOZOIDE,2126
STATUT,2127
TAUPE,2128
TAXE,2129
TELEVISION.TV,2130
TOT,2131
TRADUIRE,2132
TRICOTER,2133
TUER.REVOLVER,2134
USER,2135
VANILLE.V,2136
VARIABLE,2137
VERRE,2138
VIOLENCE.V,2139
VOCABULAIRE.V,2140
VOIR.1,2141
VOISIN,2142
VOTE,2143
VTT,2144
YEUX.X,2145
15-JOURS,2146
150,2147
17.2,2148
180,2149
19,2150
200,2151
2002,2152
2003,2153
65,2154
66.2,2155
9,2156
ABONNEMENT,2157
AFFICHE,2158
AISE.GENTIL,2159
ALCOOL,2160
AMBULANCE,2161
AN-1E,2162
AN-5,2163
ARABE,2164
ARCHITECTE,2165
ATTIRER.ENERVER,2166
AU-REVOIR.MAMAN,2167
AUTOBUS,2168
AUTONOMIE,2169
BAGARRE,2170
BEAUCOUP-NEG,2171
BIENVENUE,2172
BILAN,2173
BONBONNE,2174
BONNET,2175
BOSSE,2176
BRAILLE,2177
BRAVO,2178
CA-MARCHER,2179
CANARD.NAGER,2180
CANETTE,2181
CANNE,2182
CASQUETTE.ROLE,2183
CHAINE,2184
CHAPEAU.LETTRE,2185
CHARGE.LOURD,2186
CHARME.YEUX,2187
CHENE,2188
CHIPS,2189
COEUR.BATTRE,2190
COEUR.FORME,2191
COIFFEUR.COOL,2192
CONCIERGE.ALBERT,2193
CONTINUER.SCANNER,2194
CONTRAIRE.DEVENIR,2195
CONVENTION,2196
COURGETTE,2197
COUVEUSE,2198
CRAYON,2199
CREER.CONSTRUIRE,2200
CREPES,2201
CUILLERE,2202
CUISINE.MENAGE,2203
DE:AUTOMATIQUE.CLICK,2204
DE:CHAGRIN,2205
DE:CHIER,2206
DE:FINIR-TOUCHER,2207
DE:GORGE.PEUR,2208
DE:LAVER-MAIN,2209
DE:MUR-PARLER,2210
DE:ODEUR-ARGENT,2211
DE:TANT-PIS-FOUTRE,2212
DE:TRANSPIRER.OUF,2213
DECAPOTABLE,2214
DECORATION,2215
DEONTOLOGIE,2216
DESHABILLER,2217
DETTE,2218
DIFFICILE.VINAIGRE,2219
DISTRIBUER,2220
DONNER.SEPARER,2221
DOUCHE,2222
DSTIRE CORDE),2223
EBENISTE,2224
ECHAUFFEMENT,2225
EMBRASSER,2226
EMMERDE,2227
EN-ORDRE,2228
ENFUI.METRO,2229
ENNEMI.DISPUTER,2230
EPEE,2231
ERREUR,2232
ETONNER.REVEIL,2233
EVANOUIR,2234
EVENEMENT,2235
EXPRESSION-FACIALET,2236
FACE,2237
FAUTEUIL,2238
FAVORITE,2239
FBUOY:,2240
FBUOY:DEUX,2241
FBUOY:PAPIER,2242
FBUOY:POELE,2243
FESSE,2244
FETE.5,2245
FEU-ROUGE,2246
FOIS-1,2247
FONCE.O,2248
FOUETTER,2249
FRANC-BELGE,2250
FRITEUSE,2251
FS:BF,2252
FS:ESB,2253
FS:FATIMA,2254
FS:LOGO,2255
FS:N,2256
FS:W,2257
FS:X,2258
FS:Y,2259
FUSIL,2260
GLISSER,2261
GRAMMAIRE.G,2262
GRAMME,2263
GRAND-MERE.HANCHE,2264
GRAND-MERE.HAUTEUR,2265
HABITER.PLACE,2266
HEURE-3.CERCLE,2267
HEURE-5,2268
HIBOU-O-3,2269
HONNETE,2270
HOPITAL.10,2271
INFLUENCE.MATCH,2272
INSCRIRE,2273
INTERNAT.DANS,2274
ISOLATION,2275
JAMBE,2276
JOUE,2277
LECHER,2278
LESBIENNE,2279
LIGNE,2280
MAIGRIR,2281
MAJORITE,2282
MECHANT.1,2283
MECHANT.BAL,2284
MEME.EGAL,2285
MENU,2286
MILLION,2287
MINUIT,2288
MOIS-3.B,2289
MOUCHE.AILE,2290
MUSULMAN,2291
NEZ.CLOWN,2292
NOEL.SALADE,2293
NS:ABBE-EPEE,2294
NS:ALSEMBERG,2295
NS:BLANKENBERG,2296
NS:CARREFOUR,2297
NS:CHANTAL,2298
NS:DOMINIQUE,2299
NS:FINLANDE,2300
NS:FLORENE,2301
NS:GAND,2302
NS:JEANPIERRE,2303
NS:JOSIANE,2304
NS:LA-PANNE,2305
NS:LAETITIA,2306
NS:LAURA,2307
NS:LAURENT,2308
NS:MARIE,2309
NS:MERCEDES-BENZ,2310
NS:NS:AMERIQUE,2311
NS:NS:CREE,2312
NS:QUICK,2313
NS:RAYMONDE,2314
NS:SIMONTRACE-TETE),2315
NS:SUZANNE,2316
NS:TREMPLIN,2317
NS:VANESSA,2318
NS:VENISE,2319
NS:YOURI,2320
ORAL.10,2321
ORGANISER.ACTIF,2322
PAPA.COQ,2323
PARKING,2324
PARLER.F,2325
PAUSE.CASSER,2326
PAUSE.REPOSER,2327
PECHE,2328
PELLE,2329
PERCEUSE,2330
PERDRE.PENSER,2331
PETIT.SERRER,2332
PHARE,2333
PHARMACIE,2334
PIRE,2335
PLACE-CHEF,2336
PLACE-CHEF.SOUS,2337
PNEU,2338
POLI.T,2339
POULE,2340
PRES.COUDE,2341
PRISON,2342
PROBLEME.BONBON,2343
PROFESSEUR.HUMAIN,2344
PROFESSIONEL,2345
PROMOTION,2346
PROPRE.8,2347
PUE,2348
QUICHE.Q,2349
QUITTER.ECOLE,2350
RACINE,2351
RANGER.R,2352
REACTION,2353
RELIGION,2354
ROBOT,2355
SAINT.ASSEZ,2356
SALLE.Y,2357
SAUCE.T,2358
SCIENCES,2359
SECONDAIRE.S,2360
SEMAINE-2,2361
SERPENT,2362
SITE,2363
SNOB,2364
SOURCIL,2365
STATISTIQUE,2366
SUICIDE,2367
SURFACE,2368
TBUOY:TAILLE-KITESURF,2369
TERRAIN,2370
TETU.TETE,2371
TGV,2372
TOUCHER.COEUR,2373
TOUJOURS.LOIN,2374
TOUR-TOI,2375
TRIANGLE,2376
TROTTINETTE.MOTO,2377
TURQUOISE,2378
VEGETARIEN,2379
VISITE.MUTUELLE,2380
VITAMINE-VERT,2381
VOLER.CHIANT,2382
VOTER,2383
VOYAGE.X,2384
ZOOM.PLUS,2385
1.000.000,2386
1.FORME,2387
1980,2388
2004,2389
300,2390
38,2391
4000,2392
48,2393
48.2,2394
50.000,2395
500,2396
68,2397
83,2398
88,2399
9000,2400
91,2401
92,2402
A-CAUSE,2403
ABREGER.GENERAL,2404
AFFECTION.SERRER,2405
AMEN,2406
AMOUR,2407
APRES.FUTUR,2408
ARROSER,2409
ARTICLE,2410
ASSEMBLEE,2411
ATTACHER.CHEVEUX,2412
ATTENTION.1T,2413
AUTOROUTE.COIFFEUR,2414
AVOIR.5,2415
AVRIL,2416
BAIGNOIRE,2417
BATTERIE,2418
BEBE.MECHANT,2419
BIBLIOTHEQUE,2420
BOEUF,2421
BONJOUR.SALUT,2422
BOURRE,2423
BRULER,2424
CANCER,2425
CANCER.TRONC,2426
CAROTTE,2427
CARRELAGE,2428
CARTE.MARTEAU,2429
CARTE.MELANGER,2430
CAUTION,2431
CENTIME,2432
CERTAIN,2433
CHAMPIGNON,2434
CHANTSIGNE,2435
CHAPEAU,2436
CHAT.10,2437
CHIANT.BOIS,2438
CHICON,2439
CHIFFRE.DIMINUER,2440
CHOCOLAT.JOUE,2441
CICATRICE,2442
CODA.CC,2443
COEUR.AMOUR,2444
CON.FORT,2445
CONTOURNER,2446
CORDE-A-SAUTER,2447
CORDONNIER,2448
COUTEAU,2449
D-ABORD,2450
DBUOY,2451
DE:ASSOMMER-CHER,2452
DE:CACHER.EVITER,2453
DE:DECOUVRIR,2454
DE:EN-FOUTRE,2455
DE:ENFIN.OUF,2456
DE:ETONNER,2457
DE:INTELLIGENT.DIMINUE,2458
DE:NERVEUX,2459
DE:OCASION-PROFITE,2460
DE:PALE-CHOC,2461
DE:PASSION-BRAS,2462
DE:PLAISIR,2463
DE:POMME-DE-ADAM,2464
DE:REMPLIR-VENTRE,2465
DE:RIRE-EXPLOSER,2466
DE:VOIR-PAS-EXCUSE,2467
DECEMBRE.HIVER,2468
DEPASSER.TRAVERSER,2469
DETUMESCENCE,2470
DEVINER,2471
DIMINUER.EAU,2472
DINDE,2473
DROITE,2474
DSH:CLICK-CLAVIER,2475
EAU.ROUGE,2476
ECARTER,2477
ECUREUIL.U-BOUCHE,2478
EGOISTE,2479
ENGAGER-DEPOSER,2480
ENSEMBLE-TOUJOURS.A,2481
FACTURE,2482
FERMET,2483
FETE.GENTIL,2484
FITNESS,2485
FIXE.X,2486
FONTAINE,2487
FRATERNITE.FRERE,2488
FROMAGE,2489
FS:AS,2490
FS:BEYBLADE,2491
FS:BIO,2492
FS:CAP48,2493
FS:CO2,2494
FS:DE,2495
FS:FL,2496
FS:FLORENCE,2497
FS:LIBRAS,2498
FS:MAMA,2499
FS:PAR,2500
FS:PC,2501
FS:SNIPER,2502
FS:XP,2503
FS:Z,2504
FSIGN:NS:FACEBOOK,2505
GARDERIE,2506
GENETIQUE,2507
GENOU,2508
GOUVERNEMENT,2509
GRAINE.BILLE,2510
GRAISSE.PIZZA,2511
GRAM,2512
GRAND-ONCLE,2513
GRAND-PERE.HAUTEUR,2514
GREVE,2515
GRIS,2516
GSIGN:WOW,2517
GUIDE,2518
HAUT-PARLEUR,2519
HERBE.PRAIRIE,2520
HERITER.G,2521
HESITER.DEUX-PERSONNES,2522
IMAGINER.I,2523
IMPOT,2524
INDICE.I,2525
INSOUMIS,2526
INTERNET.DIFFUSER,2527
INTERNET.JOUER,2528
JAMBES.TREMBLES,2529
JEU.CARTE,2530
JEUNE.JOUE,2531
KO.ECHEC,2532
LAC,2533
LANGUE.L.L,2534
LAVABO,2535
LEADER,2536
LS.PUISSANCE,2537
MACHOIRE,2538
MAMAN.FEMME,2539
MANGER.VACHE,2540
MARATHON,2541
MATCH,2542
MEMBRE,2543
MENAGE,2544
METEO.10-MENTON,2545
METTRE.NOURRIR,2546
MICRO-ONDES,2547
MICROONDES,2548
MIROIR,2549
MISS,2550
MOIS-1,2551
MOIS-2.B,2552
MOIS-3,2553
MONTGOLFIERE,2554
MORT.COURS,2555
MUSÉE,2556
NOEL.JESUS.NAITRE,2557
NOMINER,2558
NOVEMBRE.SCANNER,2559
NS:ANAIS,2560
NS:ARLON,2561
NS:BARON,2562
NS:BERNADETTE,2563
NS:BLOMBLE,2564
NS:BRASILIA,2565
NS:BRESIL,2566
NS:CFLS,2567
NS:CHARLEROI,2568
NS:CHRISTOPHE,2569
NS:CORENTIN,2570
NS:FFSB-JEUNES,2571
NS:FIONA,2572
NS:FLAMEND,2573
NS:GIGLIOLA,2574
NS:GRECE,2575
NS:JEAN-JACQUES,2576
NS:JOANNA,2577
NS:LA-CLE,2578
NS:LAURATRESSE),2579
NS:LIDL,2580
NS:LUI-ET-NOUS,2581
NS:MAURICE,2582
NS:MILAN,2583
NS:MONCEAU,2584
NS:NS:APEDAF,2585
NS:NS:BERCHEMTHE)THE),2586
NS:PALMYRE,2587
NS:PAPERMAN,2588
NS:PATRICIA,2589
NS:PORTUGAL,2590
NS:REMPART-MOINES,2591
NS:SAUVAGE,2592
NS:SKYPE,2593
NS:SUISSE,2594
NS:THIERRYTT,2595
NS:TIMOTHYT-NOUVEAU),2596
NS:VAN-GOGH,2597
NS:VERHELEST,2598
NS:VGT,2599
NUAGE,2600
OCCUPER,2601
OISEAU.JEUNE,2602
ORL,2603
PAPILLON.NOEUD,2604
PARTAGER.MOITIE,2605
PAYER.ENSEMBLE,2606
PECHE.SOURRIRE,2607
PELLE.TOURNER,2608
PERROQUET,2609
PESER,2610
PETIT-RIEN,2611
PI,2612
PIECE,2613
PIEGE.G,2614
PILOT,2615
PIRATE,2616
PLAFONNAGE,2617
PLONGEE.PARANO,2618
POMPAGE,2619
POMPE,2620
PORTABLE.BALCON,2621
POUSSETTE,2622
PROFIL,2623
PROPRIETE,2624
PROVINCE,2625
PROVISOIRE,2626
PT-DET,2627
RAISIN,2628
RANGER,2629
RAPPORTEUSE,2630
RECULER.DOUCEMENT,2631
REGARDER.DERRIERE,2632
REGISTRE,2633
REGRETTER,2634
REMORQUE,2635
RESUMER.ABREGER,2636
RONFLER,2637
ROULER,2638
S-IL-VOUS-PLAIT,2639
SALON.REPOS,2640
SALOPE,2641
SAUCISSE.FRICADELLE,2642
SAUNA,2643
SAVOIR-BIEN,2644
SAVOIR-JAMAIS,2645
SCANNER.CORPS,2646
SCIENCES.ATTENTION,2647
SCIENCES.MEXIQUE,2648
SEJOUR,2649
SERVANT,2650
SEVERE.DUR,2651
SEXE.FAIRE,2652
SIFFLER,2653
SMARTPHONE,2654
SORCIERE,2655
SOURIS.R,2656
SPRAY,2657
T-SHIRT,2658
TACHE.GRAVER,2659
TAUREAU.COCU,2660
TAXE.X,2661
TBUOY:GSM,2662
TEMOIN,2663
THEATRE.PERSONNE,2664
TIMBRE,2665
TIRER,2666
TIRET,2667
TISSU.ROULEAU,2668
TOILETTES,2669
TOMBOLA,2670
TOTAL.ENSEMBLE,2671
TOUTT,2672
TRADUCTION.TETE,2673
TRANCHE,2674
TRAVAUX.RECHERCHE,2675
TRIBUNAL,2676
TRICHER,2677
VAGIN,2678
VAISSELLE,2679
VASE.COUVERCLE,2680
VENGEANCE,2681
VENTILATEUR.1,2682
VENTRE,2683
VIBRATION.CORPS,2684
VILLA,2685
VIOL,2686
VOLUME,2687
VOUS,2688
WC,2689
WORLD,2690
YEUX.TOURNER,2691
ZOOM.LOIN,2692
ZOOM.MOINS,2693
10.ARABE,2694
1060,2695
11.000.000.000,2696
156,2697
2013,2698
2014,2699
23,2700
28,2701
40.000,2702
46,2703
5000,2704
58.2,2705
5E,2706
6000,2707
63,2708
6E,2709
6E.2,2710
7E,2711
90.BERCHEM,2712
94,2713
???FUSION,2714
ABDOMINAUX,2715
ABSENT,2716
ABSORBER,2717
ACCENT,2718
ADOLESCENCE,2719
ADULTE.A,2720
AFFECTION,2721
ALCOOLIQUE.VERRE,2722
ALLUMER-FEU,2723
AMBIANCE,2724
AN-1-PASSE,2725
AN-9-PASSE,2726
ANGE,2727
ANNEE-2,2728
APRES-MIDI.MANGER,2729
ARGUMENT.PROGRAMME,2730
ATTENTIONT,2731
AU-COURANT,2732
AUJOURD-HUI.BAS,2733
AUSSI-NEG,2734
AVANTAGE.FRONT,2735
AVEC.OU,2736
AVOCAT,2737
AVRIL.JESUS,2738
BAGARRE.FRAPPER,2739
BAILLER.BRAS,2740
BANCONTACT,2741
BANDAGE,2742
BANQUE.INTELLO,2743
BANQUET,2744
BAR.CAFE,2745
BARBE.MENTON,2746
BASE.SURFACE,2747
BAVARDE.FEU,2748
BD,2749
BEC,2750
BELIER,2751
BETE.CON,2752
BEURRE.GRAVER,2753
BIEN.PAPIER-NEG,2754
BIFTECK,2755
BIZARRE.PRUDENT,2756
BLAGUE.F-NEZ,2757
BLE,2758
BLESSER.OUVRIR,2759
BONBON.ROUGE,2760
BOURGEOIS.B,2761
BROSSE-MUR,2762
BROSSER,2763
BROSSER.COURS,2764
C,2765
C4,2766
CA-VEUT-DIRE.10,2767
CACAO,2768
CAISSIER,2769
CANON,2770
CARAFE,2771
CAROTTE.ORIGINAL,2772
CARREAU.BRILLER,2773
CARTE.MANDAT,2774
CASQUETTE.ROLET,2775
CASSEROLE,2776
CD.CD,2777
CELLULE,2778
CERISE.JOUE,2779
CHAMPAGNE,2780
CHANDELEUR,2781
CHANDELEUR.RECLAMER,2782
CHAPE,2783
CHAUVE.TETE,2784
CHEMINEE,2785
CHER.ARGENT,2786
CHEVAL.MORS,2787
CHEVEUX.LISSE,2788
CHIEN-QUEUE,2789
CIBLE,2790
CIBOULETTE,2791
CLAIRE,2792
CLOU,2793
COEUR.AGRANDIR,2794
COFFRE,2795
COLLIER,2796
COMMANDANT,2797
COMPOTE.TOURNER,2798
COMPRENDRE.RIEN,2799
CONCIERGE,2800
CONFIGURATION,2801
CONFORTABLE,2802
CONGO,2803
CONTENT-NEG,2804
CONTINUER.DEVANT,2805
CONTRACTION,2806
CONTROLER.SURVEILLE,2807
COOL,2808
COUCHER.2,2809
COW-BOY,2810
CRACHER,2811
CRAVATE,2812
CRAYON.F-TOURNER,2813
CRISE-CARDIAQUE,2814
CRITERE,2815
CUIR,2816
DANITZA,2817
DATET,2818
DBUOY:PAQUET,2819
DE:BRAS,2820
DE:CERVEAU-CASSE,2821
DE:CHOC-YEUX,2822
DE:CONVAINCRE-DOUCE,2823
DE:CURIEUX-VOIR,2824
DE:FINIR.TENNIS,2825
DE:IGNORER,2826
DE:TACHE-RETENIR,2827
DE:TAPER-DANS-DOS,2828
DE:TEMPS-MUR,2829
DE:TRANQUILLE,2830
DEMAIN.PLUSIEURS,2831
DEMANDER-NEG,2832
DENTISTE,2833
DEPOSERT,2834
DESCENDRE.RUE,2835
DESOLE.2-MENTON,2836
DETACHER,2837
DETESTER.POUSSER,2838
DETRUIRE,2839
DIRECTEUR.RECULER,2840
DIVISER,2841
DONNER.ARGENT-CACHETTE,2842
DPBUOY:ESPACE-REGION-PLATE,2843
DPBUOY:RUE,2844
DROITE.DIEU,2845
DSG,2846
DSS:LARGUER-GSM,2847
DSS:NIVEAU-HAUTEUR,2848
DSS:PUBLICITE-GRAND,2849
DVD,2850
ECOUTER.SOURD,2851
ECOUTEUR,2852
ECROULER,2853
ECUREUIL,2854
ECUREUIL.CHERCHER,2855
ECURIE.CHEVAL,2856
EGAL-HAUT,2857
EGAL.EQUILIBRE-HAUT,2858
ENCORE-PAS.SECRET,2859
ENCOURAGERT,2860
ENDORMIR.YEUX,2861
ENNEMI.PISTOLET,2862
ENVELOPPE,2863
ENVIRON.PREFERE,2864
ENVOYER.SMS,2865
EPUISER.ARGENT,2866
EQUIPE-2,2867
ESSUIE.POUPEE,2868
ETOILE.BASTOGNE,2869
EURO.INVERSE,2870
EVIDENT.COMPARER,2871
EXPRESSION.FACIALE,2872
F4,2873
FAIBLE.Y,2874
FANCY-FAIR,2875
FAUTE,2876
FAUX-DENT,2877
FBUOY:ARBRE,2878
FBUOY:CHAPEAU,2879
FBUOY:CHEVAL.MONTER,2880
FBUOY:FOUR,2881
FBUOY:MUR,2882
FBUOY:PORTE,2883
FBUOY:PRO2,2884
FBUOY:QUATRE,2885
FBUOY:REGARDER,2886
FBUOY:TEXTE,2887
FBUOY:TOIT,2888
FERMER-BOUCHE,2889
FIANCE.BRAS,2890
FIXE,2891
FOIS-2E,2892
FRAMBOISE.FRUIT,2893
FRANC,2894
FRATERNITE,2895
FRATERNITE.FAMILLE,2896
FREINER-VOITURE,2897
FS:,2898
FS:ALDI,2899
FS:ALONA,2900
FS:ANS,2901
FS:APEDAF,2902
FS:AR,2903
FS:BRT,2904
FS:BUGGY,2905
FS:BUIS,2906
FS:CESS,2907
FS:CI,2908
FS:CORNET,2909
FS:CROSSFIT,2910
FS:ECURIE,2911
FS:ELDI,2912
FS:ESSO,2913
FS:ET,2914
FS:EX,2915
FS:FN,2916
FS:FRATERNITE,2917
FS:G°GRADUAT,2918
FS:IN,2919
FS:IVT,2920
FS:JC,2921
FS:JULIETTE,2922
FS:LA,2923
FS:LE,2924
FS:ME,2925
FS:MERE,2926
FS:MISS,2927
FS:MR,2928
FS:MY,2929
FS:MYLENE,2930
FS:NO,2931
FS:ORL,2932
FS:OS,2933
FS:PHARE,2934
FS:PK,2935
FS:RH,2936
FS:RIZ,2937
FS:SAJ,2938
FS:SEE,2939
FS:SEJOUR,2940
FS:SM,2941
FS:SP,2942
FS:STENOGRAPHIE,2943
FS:TIM,2944
FS:TROND,2945
FS:U,2946
FS:VALERIE,2947
FS:VENISE,2948
FS:VISA,2949
FS:VODA,2950
FSIGN:TVTV),2951
FXD:CHANGER,2952
FXD:DIFFERENT,2953
FXD:PAPA,2954
GANTS,2955
GARAGE.PORTE,2956
GAZ,2957
GRACE,2958
GRAINE,2959
GRAMMAIRE.MAIN-G,2960
GRAND.MAL,2961
GRATTER,2962
GSIGN:EUH-DACTYLOLOGIE,2963
HABITER.BA,2964
HESITER.DECIDER,2965
ILY,2966
INSTITUTE,2967
INSULTER,2968
INTEGRATION-NEG,2969
INTERDIRE.CROIX,2970
INTERET,2971
INTERIEUR,2972
INTERNET.NOEL,2973
INVERSER.HORIZONTAL,2974
IPAD,2975
JANTE.PNEU,2976
JEANS,2977
JEUDI,2978
JEUDI.JAUNE,2979
JURER,2980
KERMESSE.SERVIETTE,2981
LAC.L,2982
LAPIN,2983
LATIN,2984
LAVER-DENT,2985
LAVER.CHEVEUX,2986
LECTEUR.CARTE,2987
LES,2988
LOTTO.PARI,2989
LOUER.BALANCE,2990
LS-NEG,2991
LUNE,2992
M,2993
MADAME.AVOIR,2994
MAGASIN.55,2995
MAILLOT,2996
MAIN.COUPER,2997
MALENTENDANT,2998
MALENTENDANT.DEMI,2999
MANIPULATION,3000
MANNEQUIN,3001
MANOEUVRE,3002
MAQUILLER.YEUX,3003
MARCHE,3004
MARCHER-PIED,3005
MASQUE.LUNETTE,3006
MECHANT.MID,3007
MELANGER.INTEGRATION,3008
MEME.AVANCER,3009
MENTIR,3010
MER.COURBE,3011
MINUTES,3012
MOBILETTE,3013
MOIS-6.B,3014
MOIS-7,3015
MOITIER,3016
MORCEAU.N,3017
MOUCHE,3018
NIVEAU.MANIPULE,3019
NOUVEAU,3020
NOUVEL-AN,3021
NS:AFGHANISTAN,3022
NS:AFRIQUE,3023
NS:ANS,3024
NS:ART-METIER,3025
NS:ASIE,3026
NS:AUTRICHE,3027
NS:BASTOGNE,3028
NS:BENEDICTE,3029
NS:BRABANT-WALLON,3030
NS:CAMBODGE,3031
NS:CHARLIE-CHAPLIN,3032
NS:CHRISTELLE,3033
NS:COLRUYT,3034
NS:CROSSFIT,3035
NS:CROSSFITNESS,3036
NS:DUMONT,3037
NS:EUGENE,3038
NS:FACETIME,3039
NS:FIEVET,3040
NS:FRANCOIS,3041
NS:GIUSEPPE,3042
NS:HAWAII,3043
NS:HUY,3044
NS:HYPPOLITE,3045
NS:IPAD,3046
NS:JEAN-MICHEL,3047
NS:JESUS,3048
NS:LA-LOUVIERE,3049
NS:LIBRAS,3050
NS:LUDIVINE,3051
NS:LYTA,3052
NS:MAKRO,3053
NS:MAXIME,3054
NS:NEW-YORK,3055
NS:NS:NORVEGE,3056
NS:OUTREMEUSE,3057
NS:ROUMANIE,3058
NS:SAMSUNS,3059
NS:SEBASTIEN,3060
NS:SPERMALIE,3061
NS:STRASBOURG,3062
NS:SUEDE,3063
NS:TCHEQUIE,3064
NS:THOMAS,3065
NS:TIMOTHYTI),3066
NS:VIERGE-NOIRE,3067
NS:VOLKSWAGEN,3068
NS:WATERLOO,3069
OBLIGER,3070
OCCASION,3071
OCCASSION,3072
OCCUPER.O,3073
OEIL-NOIR,3074
ORDINATEUR.CLAVIER,3075
OREILLETTE,3076
ORGANISER.O,3077
OUVRIER.X,3078
PAILLE,3079
PANNE,3080
PAPE,3081
PAPILLON.NOEUD.L,3082
PAQUES.SERPENT,3083
PAQUES.VENISE,3084
PARALLELE,3085
PARC,3086
PARCE.JUILLET,3087
PARRAIN,3088
PARTIR.ASSEZ,3089
PAS-BON,3090
PENSER.PT,3091
PERMIS,3092
PERSIL,3093
PHILOSOPHIE,3094
PHOTO.OBJECTIF,3095
PHOTOCOPIE,3096
PIED,3097
PIED.NU,3098
PIED.TAPER,3099
PILE.HEURE,3100
PIPE,3101
PIRE.Y,3102
PLANTER,3103
PLASTIQUE,3104
PLEURER.OEIL,3105
PLUME.POIL,3106
POIVRE,3107
POLE-SECTEUR,3108
POLI.OUVRIR,3109
POLITIQUE.DEBAT,3110
POP-CORN,3111
PORNO,3112
PRET.HABILLER,3113
PRETER.L,3114
PREVENIR.VOIR,3115
PRISE,3116
PRISON.POIGNET,3117
PROPHETE,3118
PSYCHANALYSE,3119
PTBUOY,3120
PTBUOY:LIEU-DEPART,3121
RALLY,3122
RAPPORT,3123
RASER,3124
RAT,3125
RATEAU,3126
RECREATION,3127
RECREATION.HANCHE,3128
RECULER.TIMIDE,3129
REGARDER.FACE,3130
REGULIER,3131
RELAX.YOGA,3132
REPASSER,3133
RESSEMBLER,3134
RESTE.LONGTEMPS,3135
RESTER.DURER,3136
RESULTAT,3137
RETIRER,3138
RETOURNER,3139
REVENDRE,3140
REVENU,3141
RIZ,3142
ROBE,3143
ROI,3144
ROI.RECORD,3145
ROMAIN,3146
ROMAIN.MOUSTACHE,3147
ROULER.VOITURE,3148
RYTME,3149
S,3150
SABLE.AVEC,3151
SALON.OEUF,3152
SAVON,3153
SECTION,3154
SENATEUR,3155
SEPTEMBRE.G,3156
SERRER.MAIN,3157
SERVIR,3158
SEXE.BAISER,3159
SOURIRE.LEVRE,3160
SOUTIEN-GORGE,3161
STATUE,3162
STOP.PANNEAU,3163
STUPIDE.L,3164
SUCRE.ETAGE,3165
SUICIDE.COU,3166
SUPPRIMERT,3167
SUR-SUR-PLACE,3168
SURF,3169
SYMPATHIQUE,3170
TACHE-CERVEAU,3171
TECHNIQUE.T,3172
TETE.SOULEVER,3173
TETE.TOURNE,3174
THE.SACHET,3175
TOBOGGAN,3176
TOILETTE,3177
TOUS-ENSEMBLE,3178
TRACE,3179
TRADUCTION.OREILLE-MOT,3180
TRANSPARENT,3181
TROMPER.SEXE,3182
TUER.COU,3183
UN,3184
UNI,3185
URGENT,3186
VER,3187
VEXER.COEUR.PANNE,3188
VIDANGE,3189
VIDE??,3190
VIOLENCE.COURIR,3191
VIRGULE,3192
VISA,3193
VOCABULAIRE.MOT,3194
VOLONTAIRE,3195
VOMIR,3196
VOYAGE.BOUCLE,3197
VOYAGE.PLEURER,3198
1.II,3199
1070,3200
120,3201
1200,3202
17.000.2,3203
1880,3204
1900,3205
1905,3206
1913,3207
1940.LIEGE,3208
1942.LIEGE,3209
1950,3210
1960,3211
1963,3212
1966,3213
1968,3214
1977,3215
1983,3216
1985,3217
1990,3218
1995,3219
2-3-4,3220
2.DIMENSION,3221
2.II,3222
200.000,3223
2001,3224
2012,3225
24000,3226
25.000,3227
29,3228
2D,3229
2E-NEG,3230
3.DIMENSION,3231
3.II,3232
31,3233
33-88,3234
35,3235
36,3236
4.II,3237
47,3238
5.II,3239
53,3240
61,3241
67,3242
71,3243
72,3244
79,3245
7E.2,3246
95,3247
98,3248
???????????,3249
A,3250
A-GENOUX,3251
A-Z,3252
ABOYER.GUEULE,3253
ACCESIBILITE,3254
ACCUSER.NEZ,3255
ADAPER-NEG,3256
ADAPTER.MACHINE-NEG,3257
ADMINISTRATIVE,3258
ADRESSE,3259
AFRIQUE,3260
AGENCE,3261
AIMER.HOBBY,3262
ALLER-RETOUR,3263
AMBASSADE.BRESIL,3264
AMBULANCIER,3265
AN-1-FUTUR,3266
AN-2-PASSE,3267
AN-2E,3268
AN-3E,3269
AN-4,3270
ANANAS,3271
ANCIENNE,3272
ANIMATEUR.HUMAIN,3273
ANNULER.BRUN,3274
APPLICATION.A-CLIC,3275
APPLICATION.TOUCHER,3276
APPORTER5,3277
APPRENDRE1H,3278
ARAIGNEE.FRONT,3279
ARBRE.COUPER,3280
ARES.A,3281
ARGUMENT.PARAMTRE,3282
ARRAIGNEE,3283
ARRANGER.SERPENT,3284
ARRET,3285
ARRETER.M,3286
ART.ART,3287
ATELIER,3288
ATTACHER,3289
ATTACHER.SOLIDARITE,3290
ATTENTION.GARDERIE,3291
ATTRACTION,3292
AUBE,3293
AUJOURD-HUI58°,3294
AUSSIT,3295
AUTOSTOP,3296
AUTRE A COTE,3297
AUTRE-BAS,3298
AUTRE-PART,3299
AUTRE.THEME,3300
AVARE,3301
AVENIR,3302
AVEUGLE.COLLE,3303
AVOIR .5,3304
AVOUER,3305
AVOUER.PARTCIPER,3306
AVRIL.NEZ,3307
AVRIL.SITE,3308
B,3309
BAILLER,3310
BALEINE,3311
BALEINE.1,3312
BALLON,3313
BANANE,3314
BAR-CAFE,3315
BASKET,3316
BAVARDE.PREUVE,3317
BEAU-FILS,3318
BEAU-FRERE,3319
BEAUCOUP.OFFRE,3320
BEAUCOUP.TAS,3321
BELLE.FLEUR-MAMAN,3322
BENEVOLE,3323
BESOIN.CENDRIER,3324
BETON,3325
BIEN.BOUCHE,3326
BIENVENU,3327
BISEXUELLE,3328
BLE.SABLE,3329
BLESSER.HANDICAP,3330
BOITE-VITESSE,3331
BON-APETIT,3332
BON.MENTON,3333
BONBON.CREME,3334
BONBON.MENTON,3335
BOUCHE.HONTE,3336
BOUCHE.TRISTE,3337
BOUGEOIS.B,3338
BOUGIE,3339
BOUILLON.FOU,3340
BOULE.ESTOMAC,3341
BOWLING,3342
BOXE,3343
BRACELET,3344
BRICOLAGE,3345
BRILLANT.VOLER,3346
BRILLER.LS,3347
BROCANT.VENDRE,3348
BROUETTE,3349
BROUTER,3350
BRUIT.SON.SON,3351
BRUN.RACE,3352
BUOY,3353
BUOY:VOITURE,3354
BURE,3355
CA-VA-MIEUX,3356
CAFE.CHEVEUX,3357
CAFE.SENSEO,3358
CALCULER.1,3359
CAMERA.L,3360
CANNE.AVEUGLE,3361
CARREAU-CARTE,3362
CARRFOUR,3363
CARTE.JEU,3364
CARTE.JEU-SERVICE,3365
CARTE.LIVRE,3366
CASTOR,3367
CD.DISQUE,3368
CDI,3369
CELIBATAIRE,3370
CERF-VOLANT.TIRE,3371
CERISE,3372
CERNES,3373
CERTAINE,3374
CERVEAU.AVALER,3375
CESARIENNE,3376
CHAMBRE-A-COUCHER,3377
CHAMPION,3378
CHAMPION:MENTON,3379
CHANGER-AVIS,3380
CHANGER.ROUE,3381
CHANTER,3382
CHARGE-2H,3383
CHARME,3384
CHATEAU,3385
CHAUVE-SOURIS.VOLER,3386
CHEMINEE.2,3387
CHEMISE,3388
CHER-PAS,3389
CHIEN.1,3390
CHIFFRE.DIMINUE,3391
CHINOIS,3392
CHRONOMETRE,3393
CIBOULETTE.ORANGE,3394
CIRCULATION,3395
CITOYEN,3396
CLAIR-NEG,3397
CLASSIFICATEUR,3398
CLOCHE,3399
COL-ROULE,3400
COLLANT-BAS,3401
COLLE.BOUE,3402
COLLER.TAP,3403
COLONNE,3404
COLORIER.DESSIN,3405
COMMUNISTE,3406
COMMUNSITE,3407
COMPAS,3408
COMPETENCE,3409
COMPETENCE.PARLER,3410
COMPRENDRE-NEG,3411
COMPRENDRE-PAS,3412
CONFERENCE.LS,3413
CONFUSE1H,3414
CONJUGAISON,3415
CONSOMMER,3416
CONTRAT,3417
COORDINATEUR,3418
COPIER-2H,3419
COPIER-COLLER,3420
COPIER.EXPRIMER,3421
CORP,3422
COUCHER,3423
COUDE,3424
COULEIR,3425
COUP-PIED,3426
COUPE,3427
COUPER.1,3428
COUPER.MAIN,3429
COURIR.5,3430
COUSINE.FEMME,3431
CRECHE,3432
CREEME,3433
CROCODILE,3434
CROISSER-DES-DOIGTS,3435
CUILLERET,3436
CV,3437
CYCLE,3438
DANS-,3439
DANS.STOCK,3440
DATTE,3441
DBUOY:ECOLE,3442
DE:,3443
DE: A-BUT,3444
DE: AHH,3445
DE: BETE,3446
DE: BLAGUE,3447
DE: FAPPER,3448
DE: LONGTEMP,3449
DE: MOI,3450
DE: NERVIOUS,3451
DE: NUL,3452
DE: OBJECTIF EXPRESS,3453
DE: PENSER,3454
DE:AU-BOUT,3455
DE:BAILLER,3456
DE:BOF,3457
DE:BROSSER.COURS,3458
DE:COMPRENDRE-AUTOMATIQUE,3459
DE:CROIRE-NAIF,3460
DE:DELICIEUX,3461
DE:ETONNER-BOUCHE,3462
DE:ETONNER-TOMBER,3463
DE:FACILE,3464
DE:FAIM-RRR,3465
DE:FROTTE-MANCHE,3466
DE:HASARD.DOIGT,3467
DE:INTELLIGENT.AUGMENTE,3468
DE:JAMAIS-VU,3469
DE:MALADE-CHIANT,3470
DE:MICROBE-ACIDE,3471
DE:MON-OEIL,3472
DE:NERVEUX-VEINE,3473
DE:OUPS,3474
DE:PAS-ENCOURAGER,3475
DE:PAS-VRAI,3476
DE:PENSER-OUBLIER,3477
DE:PEUT-ËTRE,3478
DE:REMPLIR-COU,3479
DE:RICHE-ARGENT,3480
DE:TACHE.RETENIR,3481
DE:TERRE,3482
DE:TRANQUILLE.,3483
DE:TRANSPIRE.OUF,3484
DE:TRAVAIL-MANCHE,3485
DE:YEUX-TOURNER,3486
DEBARDEUR,3487
DECHIRER,3488
DECOLLETE,3489
DECOLLETE.V,3490
DECOUVRIR.CREER,3491
DEFENSE,3492
DEFINITION,3493
DEGUEULASSE,3494
DEHORS.1,3495
DELPHIN,3496
DEMANGER,3497
DEODORANT,3498
DEPENDANCE,3499
DEPLACERPT:LOC,3500
DESOLE.STOP,3501
DESSIN-ANIME,3502
DESSIN-ANIME.ACTIVE,3503
DESSIN-ANIME.TATOO,3504
DESSOUS.VICE,3505
DETESTER.RIEN,3506
DEUX-ENSEMBLE,3507
DIABLE,3508
DIALECTE.D,3509
DIFFERENT.OPPOSER,3510
DIFICILE,3511
DIMENSION,3512
DIPLOMATIQUE,3513
DIPLOME.SIGNER,3514
DIVISION.FRACTION,3515
DOLLAR,3516
DOLLARD.S,3517
DOLLARS.S,3518
DONNE,3519
DPBUOY:DEPART CIRCUIT BUGGY EN 8,3520
DPBUOY:LIEU,3521
DPBUOY:LIGNE-PLATE,3522
DROGUE,3523
DS BEAUCOUP OISEAUX REGARDER,3524
DS.POSTURE CORPS,3525
DSH:CISEAUX-TOUCHER,3526
DSH:CLAVIER-CLICK,3527
DSH:ECOUTER,3528
DSH:FACHE,3529
DSH:FACHER,3530
DSH:LEVER,3531
DSH:OUVRIR-PAQUET,3532
DSH:PAQUET-MANTEAU,3533
DSH:PRENDRE-CIGARETTE,3534
DSH:RESPIRATION-FORTE,3535
DSL:ROND-GATEAU,3536
DSM: PERSONNES-QUATRE,3537
DSM:COURSE-KART,3538
DSM:MARCHER-BOITER,3539
DSM:PERSONNE,3540
DSM:PERSONNE-QUATRE,3541
DSM:SAUTER-PERSONNE,3542
DSM:TOMBER-PERSONNE,3543
DSS:,3544
DSS: LARGUER-GSM,3545
DSS:CISEAUX-BOUT-ROND,3546
DSS:CISEAUX-ROND-CROCHET,3547
DSS:CLAVIER-CLICK,3548
DSS:PECTORAUX-MUSCLER,3549
DSS:PETIT,3550
DSS:PUBLICITE-GRANDE,3551
DSS:TACHE,3552
DSTRANSPIRER CORPS),3553
DUREE-TEMPS,3554
E,3555
E-MAIL.C,3556
ECARTER.ENLEVER,3557
ECOUTER.ENTENDANT-2H,3558
ECOUTER.ENTENDANT-C,3559
EGAL.BAS,3560
EGAL.EQUILIBRE-MOINS,3561
EGOISTE.RIEN,3562
ELECTRICITE.FROMAGE,3563
ELEPHANT,3564
ELEVER,3565
ELEVES,3566
EMAIL,3567
EMBETER,3568
EMPATHIE,3569
EMPATHIE.BONNET,3570
EMPLACEMEN T,3571
EN-FACE.1,3572
ENDORMIR.FERMER,3573
ENDROIT-L,3574
ENFIN.DEPASSER,3575
ENFUIR,3576
ENNEMI-PISTOLET,3577
ENREGISTRER.S3,3578
ENTENDAN,3579
ENTENDANT`,3580
ENTENDRE.DIMINUER,3581
ENTRE-PT:PRO4,3582
ENTRENAIMENT,3583
ENTRER.DIRECTION,3584
ENVOYER.COPIE,3585
ENVOYER.MESSAGE,3586
EPAIS,3587
EPAULE,3588
EPINARD,3589
EPINGLE,3590
ESCARGOT,3591
ESSAYER.VISAGE,3592
ESSUIE,3593
ESSUIES-GLACES,3594
ETATGE,3595
ETC.PLUSIEURS,3596
ETEINDRE-LAMPE,3597
ETIQUETTE,3598
ETIQUETTE.FRONT,3599
ETIRER,3600
ETUDIANT,3601
ETUDIER.PERROQUET,3602
ETUDIER.SALUT,3603
EURO;INVERSE,3604
EVALUATION,3605
EVALUATION-PERSONNE,3606
EVALUATION.MACHINE,3607
EVIDENT.I,3608
EVVENEMENT,3609
EX,3610
EXCLUSION.ATTITUDE,3611
EXERCICE,3612
F2,3613
F3,3614
FACEBOOK,3615
FACEBOOK.LIVRE,3616
FACHE,3617
FACHER.CONTRE,3618
FARINE.ECRASER,3619
FBUOT:TROIS,3620
FBUOY.ENDROIT,3621
FBUOY.HABITER,3622
FBUOY: C-EST-CA,3623
FBUOY: FOUR,3624
FBUOY: GSM,3625
FBUOY: OBSTACLE,3626
FBUOY: TROIS,3627
FBUOY: UN,3628
FBUOY:2,3629
FBUOY:3E,3630
FBUOY:AVANT.METRE,3631
FBUOY:BUOY,3632
FBUOY:CAREFFOUR,3633
FBUOY:CHIEN,3634
FBUOY:CLASSE,3635
FBUOY:CODA,3636
FBUOY:COIFFEUR,3637
FBUOY:DESSOUS,3638
FBUOY:DET,3639
FBUOY:DONNER,3640
FBUOY:DS-ARBRE,3641
FBUOY:ECRIRE,3642
FBUOY:ENTENDANT,3643
FBUOY:EQUIPE-REJOINDRE,3644
FBUOY:FRAISE,3645
FBUOY:FRIGO,3646
FBUOY:GSM,3647
FBUOY:LIVRE,3648
FBUOY:MARCHER,3649
FBUOY:MOT,3650
FBUOY:NEZ,3651
FBUOY:PAIN,3652
FBUOY:PANNE,3653
FBUOY:PAYS,3654
FBUOY:PERSONNE,3655
FBUOY:PLAN,3656
FBUOY:POT,3657
FBUOY:PRO3,3658
FBUOY:PT:DET,3659
FBUOY:PT:PRO1,3660
FBUOY:QAUTRE,3661
FBUOY:SEPT,3662
FBUOY:SOURIRE,3663
FBUOY:TETE-HOMME,3664
FBUOY:TROIS-UN,3665
FBUOY:UN-PART,3666
FBUOY:VOITURE,3667
FBUOY:VOLUME-BOL,3668
FBUOY:ZERO,3669
FBUOYS: TROIS,3670
FBYOU:BRIQUE,3671
FEDERATION,3672
FEDERATION.AFFILIER,3673
FEMINISTE,3674
FENETRE.2.ARMOIRE,3675
FENETRE.BALCON,3676
FENETRE.SERPENT,3677
FERMER.PORTE,3678
FERMER.SOMBRE,3679
FERMERT,3680
FEUILLE,3681
FICHIER,3682
FIDELE,3683
FILMER.TOURNER,3684
FINI,3685
FISGN,3686
FLECHE.CUPIDON,3687
FN: LA,3688
FOIRE,3689
FOND.UNI,3690
FORMATER-F,3691
FORT.BRAS,3692
FOULE,3693
FOUR-1H,3694
FRANCHE,3695
FRANCHEMENT,3696
FRANCOIS-HOLLANDE,3697
FRIGO.COFFRE,3698
FS: A LA,3699
FS: ADELA,3700
FS: APS,3701
FS: EBENISTE,3702
FS:02,3703
FS:1000,3704
"FS:A,B,C,D,E",3705
FS:A...H,3706
FS:ACEM,3707
FS:ACTIRIS,3708
FS:ADEA,3709
FS:AHN,3710
FS:AIRELLE,3711
FS:AN,3712
FS:ANIS,3713
FS:ASBL,3714
FS:ASY,3715
FS:AVRIL,3716
FS:AWA,3717
FS:AWIPH,3718
FS:AX,3719
FS:AXA,3720
FS:BANCOTAC,3721
FS:BANDIT,3722
FS:BANGO,3723
FS:BARTZ,3724
FS:BATEN,3725
FS:BENED...,3726
FS:BERGE,3727
FS:BERTON,3728
FS:BETON,3729
FS:BETRND,3730
FS:BEY,3731
FS:BINGO,3732
FS:BLE,3733
FS:BNGO,3734
FS:BNPPP,3735
FS:BO,3736
FS:BODY,3737
FS:BONU,3738
FS:BORDEL,3739
FS:BP,3740
FS:BRASI,3741
FS:BREDENE,3742
FS:BRETON,3743
FS:BROTHER,3744
FS:BRUNO,3745
FS:BUS,3746
FS:CA,3747
FS:CAMFROG,3748
FS:CAP,3749
FS:CAPACITE,3750
FS:CAPUCINE,3751
FS:CARTEMERE,3752
FS:CBCOBA,3753
FS:CE,3754
FS:CEB,3755
FS:CELIER,3756
FS:CET,3757
FS:CETTE,3758
FS:CG,3759
FS:CIB,3760
FS:CJ,3761
FS:CLERC,3762
FS:CLINIQUE,3763
FS:CLS,3764
FS:CML,3765
FS:CO,3766
FS:COCA,3767
FS:COCOCELE,3768
FS:COCOF,3769
FS:CODA,3770
FS:COMA,3771
FS:COMP,3772
FS:CONFERENCE,3773
FS:COOL,3774
FS:COPA,3775
FS:CORNION,3776
FS:COULUMBO,3777
FS:COZUMEL,3778
FS:CPA,3779
FS:CROSSFI,3780
FS:CS,3781
FS:CSSM,3782
FS:CV,3783
FS:CYBOY,3784
FS:DAD,3785
FS:DALLE,3786
FS:DANI,3787
FS:DANITZA,3788
FS:DC,3789
FS:DDR3,3790
FS:DEB,3791
FS:DELAPORTE,3792
FS:DICDE,3793
FS:DICDTEE,3794
FS:DICLE,3795
FS:DL,3796
FS:DNEPR,3797
FS:DO,3798
FS:DP,3799
FS:DROIT,3800
FS:DRU,3801
FS:DS,3802
FS:EBENE,3803
FS:EBENS,3804
FS:ECOS,3805
FS:EMERALDA,3806
FS:EMMA,3807
FS:EN,3808
FS:ENSEINE,3809
FS:EU,3810
FS:EURO,3811
FS:EXCLUSION,3812
FS:EXP,3813
FS:EXPLA,3814
FS:FA,3815
FS:FACEBOOK,3816
FS:FACNC,3817
FS:FCO,3818
FS:FFFRAN,3819
FS:FFS,3820
FS:FIT,3821
FS:FITNESS,3822
FS:FK,3823
FS:FLEUR,3824
FS:FLS,3825
FS:FO,3826
FS:FOM,3827
FS:FOOTBALL,3828
FS:FOREM,3829
FS:FRAISIER,3830
FS:FRASIER,3831
FS:FRAT,3832
FS:FS,3833
FS:FST,3834
FS:GAETAN,3835
FS:GAUTHIER,3836
FS:GONDOLE,3837
FS:GRADUT,3838
FS:GREEP,3839
FS:GT,3840
FS:HALL,3841
FS:HENRY,3842
FS:HIBOU,3843
FS:HOUSY,3844
FS:HR,3845
FS:IDA,3846
FS:IER,3847
FS:IFN,3848
FS:ILADAS,3849
FS:ILLITREAU,3850
FS:INCLUSION,3851
FS:INTEGRATIOION,3852
FS:IPAD,3853
FS:IRIS,3854
FS:JASPAR,3855
FS:JCO,3856
FS:JE,3857
FS:JEAN CLANDE,3858
FS:JLIE,3859
FS:JM,3860
FS:JONATHAN,3861
FS:JOSIANE,3862
FS:JULIE,3863
FS:JULIETT,3864
FS:K,3865
FS:KETTLEBELL,3866
FS:KI,3867
FS:KITESURF,3868
FS:KUTAJA,3869
FS:KUTJA,3870
FS:LAETITIA,3871
FS:LAURA,3872
FS:LEROI,3873
FS:LESFB,3874
FS:LEUROI,3875
FS:LFM,3876
FS:LI,3877
FS:LIB,3878
FS:LILLE,3879
FS:LIVE,3880
FS:LMAIBE,3881
FS:LOBE,3882
FS:LOBY,3883
FS:LOO,3884
FS:LORENZO,3885
FS:LORRAIN,3886
FS:LOT,3887
FS:LPC,3888
FS:LS,3889
FS:LSB,3890
FS:LUI,3891
FS:LUK,3892
FS:LVALVA,3893
FS:LYDIE,3894
FS:MA,3895
FS:MAC,3896
FS:MAG,3897
FS:MAGAZI,3898
FS:MAGZINE,3899
FS:MAIZENA,3900
FS:MAK,3901
FS:MANDE,3902
FS:MAO,3903
FS:MARATHON,3904
FS:MARIE,3905
FS:MARISA,3906
FS:MARITE,3907
FS:MARLBO,3908
FS:MATERNAL,3909
FS:MAURICE,3910
FS:MEDIA,3911
FS:MEYSMANS,3912
FS:MIS,3913
FS:MM,3914
FS:MMAZIGNE,3915
FS:MODELE,3916
FS:MSACH,3917
FS:MURIELE,3918
FS:MUTE,3919
FS:NMG,3920
FS:NOI,3921
FS:NOK,3922
FS:NOKIA,3923
FS:NOM,3924
FS:NON,3925
FS:NORMANDIE,3926
FS:NOX,3927
FS:OBANCONTAC,3928
FS:OCMW,3929
FS:OIGNON,3930
FS:ONDE,3931
FS:ONSVAH,3932
FS:OPTIQUE,3933
FS:OUAL,3934
FS:OVOO,3935
FS:PABLO,3936
FS:PAPA,3937
FS:PARC,3938
FS:PB,3939
FS:PELICAN,3940
FS:PIDGIN,3941
FS:PIERE,3942
FS:PIXAR,3943
FS:PMA,3944
FS:PME,3945
FS:POKER,3946
FS:POMMETTES,3947
FS:POP,3948
FS:POWERKITE,3949
FS:PPK,3950
FS:PRPR,3951
FS:PS,3952
FS:PSE,3953
FS:Q,3954
FS:QUICH,3955
FS:QUIZZ,3956
FS:RA,3957
FS:RACONTER,3958
FS:RADADO,3959
FS:RAI,3960
FS:RAIS,3961
FS:RAVIOLI,3962
FS:RD,3963
FS:RECOD,3964
FS:ROMEO,3965
FS:RTBLF,3966
FS:RTL,3967
FS:RUE-TAVELLE,3968
FS:SABAYON,3969
FS:SANDRINE,3970
FS:SAP,3971
FS:SBG,3972
FS:SCRAPBOOKING,3973
FS:SGEGRGATION,3974
FS:SIMON,3975
FS:SITE,3976
FS:SL,3977
FS:SMOLS,3978
FS:SOMME,3979
FS:SSMS,3980
FS:SSPINE,3981
FS:STANDAD,3982
FS:STRESS,3983
FS:SU,3984
FS:SYRIE,3985
FS:TABTABAC),3986
FS:TAXE,3987
FS:TAXI,3988
FS:TEC,3989
FS:THAILANDE,3990
FS:THIERRYTY),3991
FS:TON,3992
FS:TRAMPOLINE,3993
FS:TTE,3994
FS:TUNIS,3995
FS:TUNTUNIS),3996
FS:TUTOR,3997
FS:UR,3998
FS:VA,3999
FS:VALER,4000
FS:VAN,4001
FS:VCA,4002
FS:VDM,4003
FS:VE,4004
FS:VEERRUE,4005
FS:VEGETA,4006
FS:VENIS,4007
FS:VITAMIMES,4008
FS:VNISE,4009
FS:VNSE,4010
FS:VNVERONE,4011
FS:VOBIS,4012
FS:VOULOIR,4013
FS:VRT,4014
FS:VS,4015
FS:VSA,4016
FS:WAWPIH,4017
FS:WG,4018
FS:WOD,4019
FS:ZOOM,4020
FSI:CFLS,4021
FSIGN:BLAGUE.P,4022
FSIGN:COMBATTRE,4023
FSIGN:COMMENT,4024
FSIGN:CONTINUER,4025
FSIGN:ENIVRONEMENT,4026
FSIGN:MANDE,4027
FSIGN:MASQUE,4028
FSIGN:MONTRER,4029
FSIGN:PHRASE,4030
FSIGN:QUOI,4031
FSIGN:SOUMIS,4032
FXD:100,4033
FXD:60.2,4034
FXD:ABANDONNER,4035
FXD:ACCESSIBILITE,4036
FXD:ALLER,4037
FXD:AMI,4038
FXD:APPLAUDIR.ENTENDANT,4039
FXD:APRES,4040
FXD:AUJOURD-HUI,4041
FXD:AUSSI,4042
FXD:BEAUCOUP.F,4043
FXD:BOIRE,4044
FXD:C,4045
FXD:CHOMAGE,4046
FXD:COUDRE,4047
FXD:COURT,4048
FXD:DEMISSIONNER,4049
FXD:DESSERT,4050
FXD:DIEU,4051
FXD:DIRE,4052
FXD:ENTENDANT,4053
FXD:EVOLUTION,4054
FXD:FARINE,4055
FXD:FIL,4056
FXD:GLACE.ATTENDRE,4057
FXD:IMPOSSIBLE,4058
FXD:JAMAIS,4059
FXD:JOURNAL,4060
FXD:LIEN,4061
FXD:MUSIQUE,4062
FXD:NS:?,4063
FXD:OEUF,4064
FXD:PECHE.SOURIRE,4065
FXD:PNEU.ROUE,4066
FXD:POMME,4067
FXD:PRENDRE,4068
FXD:REPONDRE,4069
FXD:SAUCE,4070
FXD:STUPIDE,4071
FXD:TEMPS,4072
FXD:TOMBER.FEUILLE,4073
FXD:VERT,4074
GAMIN.F,4075
GARCON.FRERE,4076
GARDIEN,4077
GAUCHE ARAIGNEE,4078
GAUFRE.HORAIRE,4079
GEOGRAPHIE,4080
GESIGN,4081
GIRAFE,4082
GLISSER.DS,4083
GOMME,4084
GONFLER,4085
GOURMAND,4086
GRAND-PERE.8.HAUTEUR,4087
GRAND.HAUTEURA),4088
GRANDIR.HAUTEUR,4089
GRATUIT.,4090
GRELE.ORAGE,4091
GRENOUILLE,4092
GRIPPE,4093
GRONDER,4094
GROTTE.2M,4095
GSIGN:LS,4096
HABITUDE.LAMPE,4097
HACHE.COUPE,4098
HALEINE,4099
HAMBURGER.MANGER,4100
HANDICAP.MAIN,4101
HARICOT,4102
HARICOT.F,4103
HASARD,4104
HESITE,4105
HETERO,4106
HEURE-11,4107
HEURE-2.MONTRE-CERCLE,4108
HEURE-24,4109
HEURE-4.CERCLE,4110
HEURE-6,4111
HEURE.AIGUILLE,4112
HIBOU.BEC,4113
HISTOIRE.ECOUTER,4114
HOME.H,4115
HOMME.H,4116
HORLOGE,4117
HORMONES,4118
HUILE.2,4119
HUMAIN.H,4120
HUMEUR.TORSE,4121
HURLER,4122
HYPERACTIVITE,4123
I,4124
I??,4125
ILE,4126
IMAGE-CASSER,4127
IMAGINER-NUAGE,4128
IMARCHER,4129
IMARCHER.PIED,4130
IMILIEU,4131
IMPLANT.DONNER,4132
IMPORTE-QUOI,4133
INCROYABLE,4134
INGENIEUR,4135
INSTITUT,4136
INSTITUTRICE,4137
INTERESSANT.NEZ,4138
INTERGRATION,4139
INTERGRATION.DEPLACER,4140
INTERIM.INTERET,4141
INTERIM.UCCLE,4142
INTERNAT.PENSION,4143
INTERNATIONAL.Y,4144
INTERNATIONALINTERNET,4145
INTERRUPTEUR,4146
INVERSER.VERTICAL,4147
INVESTIMENT,4148
INVITE,4149
IPOD,4150
IPT:PRO1,4151
J-ESPERE,4152
JAMBE.BOITE,4153
JAMBE.J,4154
JAMBES,4155
JAMBES.CROISER,4156
JAMBON,4157
JARDINER,4158
JMS,4159
JOUR.B,4160
JOURNAL.ILY,4161
JOURNEE,4162
JUPE,4163
JURER.PROMIS,4164
JUSQUE-LONG,4165
JUSTET,4166
KARTING,4167
KM.HEURE,4168
L-BUOY:CINQ,4169
L-BUOY:QUATRE,4170
LABORATOIRE,4171
LAISSE,4172
LAISSER PALM-UP,4173
LAISSER.5,4174
LAVER-CHEVEUX,4175
LBYOU:1,4176
LESBIENNE.OREILLE,4177
LEVER-DOIGT,4178
LICENCE,4179
LIRE.REGARER,4180
LOTTO,4181
LOUP,4182
LS-BLOQUER,4183
LS.EXPRIMER,4184
LST,4185
LSUKRAINE,4186
LUGE,4187
MACHINE-A-LAVER,4188
MADAME.DOUBLE-MENTON,4189
MADAME.MARAINE,4190
MADELEINE,4191
MAFIA,4192
MAGASIN.VENDRET,4193
MAGAZINE,4194
MAI,4195
MAIGRIR.FIL,4196
MAINTENANY,4197
MAL.GORGE,4198
MALENTENDU,4199
MALHEURUX,4200
MAMAN`,4201
MANGER.5,4202
MANGER.CUILLER,4203
MANIERE,4204
MAQUILLER,4205
MARCHER-DROIT,4206
MARRAINE,4207
MARRE.BEAUCOUP.F,4208
MARTEAU,4209
MASACRA,4210
MASQUE.OXYGENE,4211
MAYONNAISE,4212
MAÏS,4213
MECANIQUE,4214
MEDICAMENT.CAFE,4215
MEFIER,4216
MEME.Y-1H,4217
MEMOIRE-VIVE,4218
MENTALE,4219
MESURERT,4220
METRE-CARRE,4221
METRE-CUBE,4222
METTRE:NOURRIRE,4223
MIDI-APRES,4224
MIEL,4225
MILIMETRE,4226
MILLIARD,4227
MINI-FOOT,4228
MINUIT.DOUZE,4229
MIXEUR,4230
ML,4231
MOINS.L,4232
MOIS-10,4233
MOIS-4,4234
MOIS-5,4235
MOIS-8,4236
MOKA,4237
MORCEAUX.QUARTIER,4238
MORT.TOURNER,4239
MOULLIE,4240
MOUSTACHE,4241
MOUSTACHE.BARBE,4242
MOYEN.FRITE,4243
MUSEE,4244
MUTUTELLE,4245
NAITRE.ACCOUCHER,4246
NATIONALITE,4247
NEGATIF,4248
NEIGE.BOUILLARD,4249
NERF,4250
NEUF,4251
NEUVEU,4252
NEZ.CLON,4253
NEZ.SANG,4254
NIVEAU.BRAS,4255
NIVEAU.HAUT-BAS,4256
NIVEAU.VIDE,4257
NOIX,4258
NON.STOP,4259
NORMAL-2H,4260
NORMAL..VANILLE,4261
NORME,4262
NOTRE,4263
NOVEMBRE,4264
NOVEMRE.SCANNER,4265
NS,4266
NS :DANITZA,4267
NS ANS,4268
NS INES,4269
NS PAUL,4270
NS: ?,4271
NS:135,4272
NS:136,4273
NS:56,4274
NS:58,4275
NS:91?,4276
NS:93?,4277
NS:ADELINE,4278
NS:ALBANIE,4279
NS:ALICIA,4280
NS:AMANDINE,4281
NS:ANNE-MARIE,4282
NS:ANVERST,4283
NS:APEDAF,4284
NS:AUSTRALIA,4285
NS:BASTIEN,4286
NS:BENETTON,4287
NS:BERLIN,4288
NS:BERTON,4289
NS:BMW,4290
NS:BREDENE,4291
NS:BRUGE,4292
NS:CALLEBAU,4293
NS:CAMFROG,4294
NS:CAROLINE,4295
NS:CHIRAC,4296
NS:CITROENTRIANGLE),4297
NS:CLAUDE,4298
NS:CORA,4299
NS:DANIELE,4300
NS:DEAF-HOOD,4301
NS:DELAPORTE,4302
NS:DENIS,4303
NS:DFCE,4304
NS:DISNEY,4305
NS:DROGENBOS,4306
NS:EINSTEIN,4307
NS:EUPEN,4308
NS:EVELYNE,4309
NS:FFSB,4310
NS:FLASH5,4311
NS:FRANCIS,4312
NS:FRANCOISE,4313
NS:GB,4314
NS:GILLES-BINCHE,4315
NS:GOOGLE,4316
NS:GRUM,4317
NS:HASANE,4318
NS:HASSELT,4319
NS:HIMBERCHT,4320
NS:INFO-SOURD,4321
NS:JEAN-PÏERRE,4322
NS:JEMAPPE,4323
NS:JOHAN,4324
NS:KAP-SIGNES,4325
NS:KATHERINA,4326
NS:KEVIN,4327
NS:LAURENT-CLERC,4328
NS:LIBRAMONT,4329
NS:LONDRES,4330
NS:LORRAINE,4331
NS:LOUVAIN-LA-NEUVE,4332
NS:LYDIE,4333
NS:MASO,4334
NS:MCDONALD,4335
NS:MEXIQUE,4336
NS:MILORAD,4337
NS:MITTERAND,4338
NS:NAOMI,4339
NS:NATHALIETRAVAILLE-C),4340
NS:NEPAL,4341
NS:NICOLE,4342
NS:NORMANDIE,4343
NS:NS:INFO-SOURD,4344
NS:NS:LAURENT-CLERC,4345
NS:NS:WALLON,4346
NS:ONSVAL,4347
NS:PATRICK,4348
NS:PHILIPPINES,4349
NS:ROME,4350
NS:SAINT-PIERRE,4351
NS:SAINT-TROND,4352
NS:SALVIA,4353
NS:SAMNAN,4354
NS:SISB,4355
NS:SYLVIE,4356
NS:THIERRYT-AVION),4357
NS:TUNISIE,4358
NS:W,4359
NS:WILLARD,4360
NS:XAVIER,4361
NS:YVAN,4362
NUAGE.EPONGE,4363
OBLIGE,4364
OCASSION,4365
OCTOBRE.HALLOWEEN,4366
ODEUR.MER,4367
OEIL,4368
OIGNON.PLEURER,4369
OLYMIQUE,4370
OMBRE.ECOLO,4371
ONDE,4372
ONDE.3,4373
OPERER.3COUTEAU,4374
OR,4375
OREILLE.CARRE,4376
OS,4377
"OUI, OUI...",4378
OUVRIR.8,4379
OUVRIR.FENETRET,4380
OUVRIR.VALISE,4381
OVAIRES,4382
OZONE,4383
PAGES,4384
PAILLE.FONDRE,4385
PALM-UP PALM-UP,4386
PALM-UP-1H,4387
PALM-UP-1J,4388
PARALYSIE,4389
PARAMETRE LS,4390
PARCE,4391
PARESSEUX.UCCLE,4392
PARFAIT.ITALIEN,4393
PARTIR.ELIMINER,4394
PATTE,4395
PAYSSAGE,4396
PBUOY:DATE-ANNEES-QUATRE-VINGT,4397
PBUOY:DATE-EVALUATION,4398
PBUOY:DATE-VOIR,4399
PBUOY:MILIEU INTERNATIONAL SIGN,4400
PEACE,4401
PECHE.SOURIRE,4402
PENIS,4403
PENSER.TETE,4404
PENSION.ROI,4405
PERSONNE-COU,4406
PERSONNES,4407
PETER,4408
PETER.EFFACER,4409
PETIT-POIS,4410
PEUR.PAS,4411
PEUR.SOIF,4412
PHILOSOPHIE.FLEUR,4413
PHOTO.LOUP,4414
PHOTO.LUNETTES,4415
PIECE.ZERO,4416
PIED.CLICK,4417
PIERRE.DUR,4418
PIQUE-CARTE,4419
PIQURE.PRENDRE,4420
PISCINE.RECTANGLE,4421
PISTACHE,4422
PISTOLET,4423
PLACE,4424
PLACE.P,4425
PLAFONNAGE.Y,4426
PLATRE,4427
PLEIN.PLUSIEURS,4428
PLEIN.SENS,4429
PLEURER.BEAUCOUP,4430
PLONGEE,4431
PLUME,4432
PLUMES,4433
POIL.AISSELLE,4434
POIL.AISSIELLE,4435
POINT.L,4436
POIREAU,4437
POKER,4438
POMPIER.CASQUE,4439
POMPIERT,4440
PONT.CONTRAIRE,4441
PORC,4442
PORTEFEUILLE,4443
POT-ECHAPPEMENT,4444
POUCE-TAILLE,4445
POULE.PICOTER,4446
POUPEE,4447
POURCENT-100,4448
POURT,4449
POUVOIR-PERMIS,4450
PREMIERE-NEG,4451
PRENDRE.BEAUCOUP,4452
PRESENT.PALM,4453
PRETRE,4454
PRETRE.CROIX,4455
PRIMAIRE.P,4456
PRINCE,4457
PRINCIPAL,4458
PRINTEMPS,4459
PRISE-SANG,4460
PRISET,4461
PRODUIT,4462
PRODUIT.COMBIEN,4463
PROFITE,4464
PROFITER.AIMER,4465
PROJET,4466
PROPRE.POLI,4467
PROPRE.RESPECTER,4468
PROUD,4469
PSYCHIATRIE,4470
PT DET,4471
PT-BUOY:DEUX,4472
PT-BUOY:TROIS,4473
PT-LBYUO,4474
PT.POSS3,4475
PTBUOT:LIEU-DEPART,4476
PTBUOY:FERME,4477
PTBUOY:LS,4478
PUR,4479
PUR.PI,4480
PUREE,4481
PYJAMA,4482
PYRAMIDE,4483
QUALITE?,4484
QUAND MÊME !,4485
QUE.CROISER,4486
QUE.EAU,4487
QUE.METRO,4488
QUE.QUAND,4489
QUITTER.GROUPE,4490
RACONTE,4491
RAIL,4492
RAISIN.CORPUS,4493
RALLYE,4494
RAMPER,4495
RAPPELER.FIXE,4496
RAPPELER.R5,4497
RATER.NEZ,4498
REFROIDIR,4499
REGARDER-2H,4500
REGARDER-U),4501
REGARDER.CHERCHER,4502
REGARDER1-H,4503
REGRETTER.FABRIQUER,4504
RELAX.,4505
RENOVE,4506
RENOVERT,4507
RENOVET,4508
REPARER.CHEZ,4509
REPETER.ROUE,4510
REQUIN,4511
RESEAU,4512
RESPONSABLE,4513
RETOUR.RENTRER,4514
RHUBARBE,4515
RIZ.R,4516
ROBINET,4517
ROCHER.R,4518
ROLE.REGLER,4519
ROMANTIQUE,4520
ROSE,4521
ROSE-NEZ,4522
RUSSIE,4523
S-IL-VOUS-PLAIT.Y,4524
SACOCHE,4525
SAISON,4526
SALUT.TETE,4527
SANDWICH,4528
SANS-FRONTIERE,4529
SAVEUR,4530
SCENARIO,4531
SCIER,4532
SECONDE9,4533
SECRETAIRE,4534
SEMAINE.JOURNAL,4535
SENTIMENT-NEG,4536
SEPTCENT,4537
SEPTEMBRE.1,4538
SEPTEMBRE.GT,4539
SERIE,4540
SERVEUR,4541
SERVIETTE,4542
SEX,4543
SEXY,4544
SHORT,4545
SI.Y,4546
SIFFLER.APPAREIL,4547
SIGNAIRE.V,4548
SILENCE.CHAMPION,4549
SINGET,4550
SMS,4551
SOIF,4552
SOLEIL-LEVER,4553
SOLEIL.LEVER,4554
SON,4555
SONNER-ALARME,4556
SOUFFLER.ALCOOL,4557
SOUP,4558
SOURDS,4559
SOURIRE.L,4560
SOURIRE.LEVRES,4561
SOUS,4562
SPAGHETTI,4563
SPERME,4564
STABLE-NEG,4565
STADE,4566
STRING,4567
STUCTURE,4568
SUBMERGE,4569
SUR.DESSUS-1H,4570
SURTOUT,4571
SUSBIDE,4572
SYMPATHIQUE.S,4573
TACLER,4574
TALENT,4575
TAPER.FAILLITE,4576
TAPER.MAIN,4577
TARD.PROCHAINE,4578
TARTINE,4579
TAUREAU,4580
TAXI.EMISSION,4581
TAXI.EPELER,4582
TAXI.EPLER,4583
TBOUYS: SOURD,4584
TBUOY,4585
TBUOY:CISEAUX,4586
TBUOY:LS,4587
TBUOY:MOT,4588
TBUOY:SIGNAIRE,4589
TBUOY:UF,4590
TECHNIQUE.2,4591
TEINTE,4592
TELEVISION.RADIO,4593
TEMPS-PASSE,4594
TERRE.EXPLIQUER,4595
TETE.FROID,4596
TETE.HOCHER,4597
THEORIQUE,4598
TIROIR,4599
TOMBER.FEUILLE,4600
TOURISME,4601
TOURNER.PAGE5,4602
TOUS-MATIN,4603
TOUSSER,4604
TOXIQUE,4605
TRANSFERT.LS,4606
TRANSFERT.PERSONNEL,4607
TRAVAILLER,4608
TRAVAUX.RECHCERCHE,4609
TRAVERS,4610
TRICHER.VOYOU,4611
TROIS-DEUX,4612
TROTTINETTE,4613
TUBA,4614
TUTEUR,4615
TVA,4616
UNDECIPHERABLE,4617
UNE,4618
UNIE,4619
UTERUS.COIN,4620
VA-T-EN,4621
VACCIN,4622
VENGEANCE.V,4623
VENIR.RECENT,4624
VERNIS-ONGLE,4625
VERSION,4626
VETEMENT.F,4627
VIBRATEUR.CORP,4628
VICE.SOUS,4629
VIDE???,4630
VIE_1H,4631
VING-MILLIONS,4632
VIOLENCE.VOYAGER,4633
VIOLON,4634
VIREMENT,4635
VIREMENT.V,4636
VITAMINE-V,4637
VITESSE,4638
VIVRE,4639
VOILA-,4640
VOILE,4641
VOIR.CHEVAL,4642
VOIR.LOIN,4643
VOITURE.V,4644
VOIX.CLEF,4645
VOLLEY,4646
VOULOIR.ANGLAIS,4647
VRAIMENT,4648
VULGAIRE,4649
WHISKY,4650
YEUX.C,4651
YEUX.FERMES,4652
YEUX.ORAL,4653
YOUTUBE,4654
ZAPPER,4655
ZOOM.OBJECTIF,4656
